date,origin,dest,train,dep_time,seq,stop,monitored,sched_arr,sched_dep,arr_delay_min,arr_delay_sec,dep_delay_min,dep_delay_sec,canceled
2026-06-22,Diest,Halle,IC 1727,05:28,0,Diest,1,05:25,05:28,0,0,0,0,0
2026-06-22,Diest,Halle,IC 1727,05:28,1,Aarschot,0,05:39,05:44,-1,-60,0,0,0
2026-06-22,Diest,Halle,IC 1727,05:28,2,Brussels-North,1,06:10,06:13,-4,-240,0,0,0
2026-06-22,Diest,Halle,IC 1727,05:28,3,Brussels-Central,1,06:17,06:18,0,0,0,0,0
2026-06-22,Diest,Halle,IC 1727,05:28,4,Brussels-South/Brussels-Midi,1,06:22,06:26,0,0,0,0,0
2026-06-22,Diest,Halle,IC 1727,05:28,5,Halle,1,06:35,06:36,0,0,0,0,0
2026-06-22,Diest,Halle,IC 1728,06:28,0,Diest,1,06:25,06:28,0,0,1,60,0
2026-06-22,Diest,Halle,IC 1728,06:28,1,Aarschot,0,06:39,06:44,0,0,0,0,0
2026-06-22,Diest,Halle,IC 1728,06:28,2,Brussels-North,1,07:10,07:13,-1,-60,0,0,0
2026-06-22,Diest,Halle,IC 1728,06:28,3,Brussels-Central,1,07:17,07:18,0,0,1,60,0
2026-06-22,Diest,Halle,IC 1728,06:28,4,Brussels-South/Brussels-Midi,1,07:22,07:26,0,0,0,0,0
2026-06-22,Diest,Halle,IC 1728,06:28,5,Halle,1,07:35,07:36,0,0,1,60,0
2026-06-22,Diest,Halle,IC 1729,07:28,0,Diest,1,07:25,07:28,0,0,0,0,0
2026-06-22,Diest,Halle,IC 1729,07:28,1,Aarschot,0,07:39,07:44,15,900,12,720,0
2026-06-22,Diest,Halle,IC 1729,07:28,2,Brussels-North,1,08:10,08:13,9,540,8,480,0
2026-06-22,Diest,Halle,IC 1729,07:28,3,Brussels-Central,1,08:17,08:18,9,540,9,540,0
2026-06-22,Diest,Halle,IC 1729,07:28,4,Brussels-South/Brussels-Midi,1,08:22,08:26,9,540,7,420,0
2026-06-22,Diest,Halle,IC 1729,07:28,5,Halle,1,08:35,08:36,8,480,8,480,0
2026-06-22,Diest,Halle,IC 1730,08:28,0,Diest,1,08:25,08:28,0,0,0,0,0
2026-06-22,Diest,Halle,IC 1730,08:28,1,Aarschot,0,08:39,08:44,7,420,3,180,0
2026-06-22,Diest,Halle,IC 1730,08:28,2,Brussels-North,1,09:10,09:13,2,120,1,60,0
2026-06-22,Diest,Halle,IC 1730,08:28,3,Brussels-Central,1,09:17,09:18,5,300,6,360,0
2026-06-22,Diest,Halle,IC 1730,08:28,4,Brussels-South/Brussels-Midi,1,09:22,09:26,5,300,3,180,0
2026-06-22,Diest,Halle,IC 1730,08:28,5,Halle,1,09:35,09:36,2,120,2,120,0
2026-06-22,Diest,Halle,IC 1732,10:28,0,Diest,1,10:25,10:28,3,180,2,120,0
2026-06-22,Diest,Halle,IC 1732,10:28,1,Aarschot,0,10:39,10:44,2,120,0,0,0
2026-06-22,Diest,Halle,IC 1732,10:28,2,Brussels-North,1,11:10,11:13,1,60,0,0,0
2026-06-22,Diest,Halle,IC 1732,10:28,3,Brussels-Central,1,11:17,11:18,3,180,3,180,0
2026-06-22,Diest,Halle,IC 1732,10:28,4,Brussels-South/Brussels-Midi,1,11:22,11:26,3,180,1,60,0
2026-06-22,Diest,Halle,IC 1732,10:28,5,Halle,1,11:35,11:36,2,120,2,120,0
2026-06-22,Diest,Halle,IC 1733,11:28,0,Diest,1,11:25,11:28,0,0,0,0,0
2026-06-22,Diest,Halle,IC 1733,11:28,1,Aarschot,0,11:39,11:44,0,0,0,0,0
2026-06-22,Diest,Halle,IC 1733,11:28,2,Brussels-North,1,12:10,12:13,-2,-120,0,0,0
2026-06-22,Diest,Halle,IC 1733,11:28,3,Brussels-Central,1,12:17,12:18,0,0,0,0,0
2026-06-22,Diest,Halle,IC 1733,11:28,4,Brussels-South/Brussels-Midi,1,12:22,12:26,-1,-60,0,0,0
2026-06-22,Diest,Halle,IC 1733,11:28,5,Halle,1,12:35,12:36,-1,-60,0,0,0
2026-06-22,Diest,Halle,IC 1734,12:28,0,Diest,1,12:25,12:28,0,0,0,0,0
2026-06-22,Diest,Halle,IC 1734,12:28,1,Aarschot,0,12:39,12:44,0,0,0,0,0
2026-06-22,Diest,Halle,IC 1734,12:28,2,Brussels-North,1,13:10,13:13,0,0,0,0,0
2026-06-22,Diest,Halle,IC 1734,12:28,3,Brussels-Central,1,13:17,13:18,0,0,1,60,0
2026-06-22,Diest,Halle,IC 1734,12:28,4,Brussels-South/Brussels-Midi,1,13:22,13:26,1,60,0,0,0
2026-06-22,Diest,Halle,IC 1734,12:28,5,Halle,1,13:35,13:36,1,60,1,60,0
2026-06-22,Diest,Halle,IC 1735,13:28,0,Diest,1,13:25,13:28,-1,-60,0,0,0
2026-06-22,Diest,Halle,IC 1735,13:28,1,Aarschot,0,13:39,13:44,0,0,0,0,0
2026-06-22,Diest,Halle,IC 1735,13:28,2,Brussels-North,1,14:10,14:13,-1,-60,0,0,0
2026-06-22,Diest,Halle,IC 1735,13:28,3,Brussels-Central,1,14:17,14:18,2,120,2,120,0
2026-06-22,Diest,Halle,IC 1735,13:28,4,Brussels-South/Brussels-Midi,1,14:22,14:26,2,120,1,60,0
2026-06-22,Diest,Halle,IC 1735,13:28,5,Halle,1,14:35,14:36,0,0,1,60,0
2026-06-22,Diest,Halle,IC 1736,14:28,0,Diest,1,14:25,14:28,0,0,0,0,0
2026-06-22,Diest,Halle,IC 1736,14:28,1,Aarschot,0,14:39,14:44,0,0,0,0,0
2026-06-22,Diest,Halle,IC 1736,14:28,2,Brussels-North,1,15:10,15:13,0,0,0,0,0
2026-06-22,Diest,Halle,IC 1736,14:28,3,Brussels-Central,1,15:17,15:18,0,0,1,60,0
2026-06-22,Diest,Halle,IC 1736,14:28,4,Brussels-South/Brussels-Midi,1,15:22,15:26,0,0,0,0,0
2026-06-22,Diest,Halle,IC 1736,14:28,5,Halle,1,15:35,15:36,0,0,0,0,0
2026-06-22,Diest,Halle,IC 1737,15:28,0,Diest,1,15:25,15:28,0,0,0,0,0
2026-06-22,Diest,Halle,IC 1737,15:28,1,Aarschot,0,15:39,15:44,0,0,0,0,0
2026-06-22,Diest,Halle,IC 1737,15:28,2,Brussels-North,1,16:10,16:12,37,2220,38,2280,0
2026-06-22,Diest,Halle,IC 1737,15:28,3,Brussels-Central,1,16:16,16:17,38,2280,38,2280,0
2026-06-22,Diest,Halle,IC 1737,15:28,4,Brussels-South/Brussels-Midi,1,16:21,16:24,43,2580,45,2700,0
2026-06-22,Diest,Halle,IC 1737,15:28,5,Halle,1,16:34,16:36,52,3120,51,3060,0
2026-06-22,Diest,Halle,IC 1738,16:28,0,Diest,1,16:25,16:28,0,0,0,0,0
2026-06-22,Diest,Halle,IC 1738,16:28,1,Aarschot,0,16:39,16:44,0,0,0,0,0
2026-06-22,Diest,Halle,IC 1738,16:28,2,Brussels-North,1,17:10,17:12,0,0,0,0,0
2026-06-22,Diest,Halle,IC 1738,16:28,3,Brussels-Central,1,17:16,17:17,0,0,0,0,0
2026-06-22,Diest,Halle,IC 1738,16:28,4,Brussels-South/Brussels-Midi,1,17:21,17:24,0,0,0,0,0
2026-06-22,Diest,Halle,IC 1738,16:28,5,Halle,1,17:34,17:36,0,0,0,0,0
2026-06-22,Halle,Diest,IC 1704,05:26,0,Halle,1,05:25,05:26,0,0,1,60,0
2026-06-22,Halle,Diest,IC 1704,05:26,1,Brussels-South/Brussels-Midi,1,05:36,05:40,0,0,1,60,0
2026-06-22,Halle,Diest,IC 1704,05:26,2,Brussels-Central,1,05:44,05:45,0,0,0,0,0
2026-06-22,Halle,Diest,IC 1704,05:26,3,Brussels-North,1,05:49,05:52,0,0,0,0,0
2026-06-22,Halle,Diest,IC 1704,05:26,4,Aarschot,0,06:18,06:22,2,120,0,0,0
2026-06-22,Halle,Diest,IC 1704,05:26,5,Diest,1,06:34,06:35,-1,-60,0,0,0
2026-06-22,Halle,Diest,IC 1705,06:26,0,Halle,1,06:25,06:26,0,0,1,60,0
2026-06-22,Halle,Diest,IC 1705,06:26,1,Brussels-South/Brussels-Midi,1,06:36,06:40,0,0,3,180,0
2026-06-22,Halle,Diest,IC 1705,06:26,2,Brussels-Central,1,06:44,06:45,2,120,3,180,0
2026-06-22,Halle,Diest,IC 1705,06:26,3,Brussels-North,1,06:49,06:52,3,180,2,120,0
2026-06-22,Halle,Diest,IC 1705,06:26,4,Aarschot,0,07:18,07:22,-1,-60,4,240,0
2026-06-22,Halle,Diest,IC 1705,06:26,5,Diest,1,07:34,07:35,4,240,4,240,0
2026-06-22,Halle,Diest,IC 1706,07:26,0,Halle,1,07:25,07:26,3,180,3,180,0
2026-06-22,Halle,Diest,IC 1706,07:26,1,Brussels-South/Brussels-Midi,1,07:36,07:40,4,240,4,240,0
2026-06-22,Halle,Diest,IC 1706,07:26,2,Brussels-Central,1,07:44,07:45,9,540,10,600,0
2026-06-22,Halle,Diest,IC 1706,07:26,3,Brussels-North,1,07:49,07:52,9,540,8,480,0
2026-06-22,Halle,Diest,IC 1706,07:26,4,Aarschot,0,08:18,08:22,6,360,4,240,0
2026-06-22,Halle,Diest,IC 1706,07:26,5,Diest,1,08:34,08:35,3,180,3,180,0
2026-06-22,Halle,Diest,IC 1707,08:26,0,Halle,1,08:25,08:26,2,120,2,120,0
2026-06-22,Halle,Diest,IC 1707,08:26,1,Brussels-South/Brussels-Midi,1,08:36,08:40,12,720,10,600,0
2026-06-22,Halle,Diest,IC 1707,08:26,2,Brussels-Central,1,08:44,08:45,11,660,11,660,0
2026-06-22,Halle,Diest,IC 1707,08:26,3,Brussels-North,1,08:49,08:52,11,660,10,600,0
2026-06-22,Halle,Diest,IC 1707,08:26,4,Aarschot,0,09:18,09:22,12,720,10,600,0
2026-06-22,Halle,Diest,IC 1707,08:26,5,Diest,1,09:34,09:35,8,480,8,480,0
2026-06-22,Halle,Diest,IC 1708,09:26,0,Halle,1,09:25,09:26,0,0,0,0,0
2026-06-22,Halle,Diest,IC 1708,09:26,1,Brussels-South/Brussels-Midi,1,09:36,09:40,1,60,9,540,0
2026-06-22,Halle,Diest,IC 1708,09:26,2,Brussels-Central,1,09:44,09:45,9,540,10,600,0
2026-06-22,Halle,Diest,IC 1708,09:26,3,Brussels-North,1,09:49,09:52,10,600,8,480,0
2026-06-22,Halle,Diest,IC 1708,09:26,4,Aarschot,0,10:18,10:22,13,780,11,660,0
2026-06-22,Halle,Diest,IC 1708,09:26,5,Diest,1,10:34,10:35,11,660,11,660,0
2026-06-22,Halle,Diest,IC 1709,10:26,0,Halle,1,10:25,10:26,0,0,0,0,0
2026-06-22,Halle,Diest,IC 1709,10:26,1,Brussels-South/Brussels-Midi,1,10:36,10:40,-1,-60,0,0,0
2026-06-22,Halle,Diest,IC 1709,10:26,2,Brussels-Central,1,10:44,10:45,-1,-60,0,0,0
2026-06-22,Halle,Diest,IC 1709,10:26,3,Brussels-North,1,10:49,10:52,0,0,0,0,0
2026-06-22,Halle,Diest,IC 1709,10:26,4,Aarschot,0,11:18,11:22,0,0,0,0,0
2026-06-22,Halle,Diest,IC 1709,10:26,5,Diest,1,11:34,11:35,-1,-60,0,0,0
2026-06-22,Halle,Diest,IC 1710,11:26,0,Halle,1,11:25,11:26,0,0,1,60,0
2026-06-22,Halle,Diest,IC 1710,11:26,1,Brussels-South/Brussels-Midi,1,11:36,11:40,-1,-60,5,300,0
2026-06-22,Halle,Diest,IC 1710,11:26,2,Brussels-Central,1,11:44,11:45,4,240,5,300,0
2026-06-22,Halle,Diest,IC 1710,11:26,3,Brussels-North,1,11:49,11:52,4,240,2,120,0
2026-06-22,Halle,Diest,IC 1710,11:26,4,Aarschot,0,12:18,12:22,-1,-60,0,0,0
2026-06-22,Halle,Diest,IC 1710,11:26,5,Diest,1,12:34,12:35,-2,-120,0,0,0
2026-06-22,Halle,Diest,IC 1711,12:26,0,Halle,1,12:25,12:26,0,0,0,0,0
2026-06-22,Halle,Diest,IC 1711,12:26,1,Brussels-South/Brussels-Midi,1,12:36,12:40,-1,-60,0,0,0
2026-06-22,Halle,Diest,IC 1711,12:26,2,Brussels-Central,1,12:44,12:45,-1,-60,0,0,0
2026-06-22,Halle,Diest,IC 1711,12:26,3,Brussels-North,1,12:49,12:52,-1,-60,0,0,0
2026-06-22,Halle,Diest,IC 1711,12:26,4,Aarschot,0,13:18,13:22,-4,-240,0,0,0
2026-06-22,Halle,Diest,IC 1711,12:26,5,Diest,1,13:34,13:35,-1,-60,0,0,0
2026-06-22,Halle,Diest,IC 1712,13:26,0,Halle,1,13:25,13:26,1,60,2,120,0
2026-06-22,Halle,Diest,IC 1712,13:26,1,Brussels-South/Brussels-Midi,1,13:36,13:40,0,0,0,0,0
2026-06-22,Halle,Diest,IC 1712,13:26,2,Brussels-Central,1,13:44,13:45,0,0,0,0,0
2026-06-22,Halle,Diest,IC 1712,13:26,3,Brussels-North,1,13:49,13:52,0,0,0,0,0
2026-06-22,Halle,Diest,IC 1712,13:26,4,Aarschot,0,14:18,14:22,0,0,0,0,0
2026-06-22,Halle,Diest,IC 1712,13:26,5,Diest,1,14:34,14:35,8,480,8,480,0
2026-06-22,Halle,Diest,IC 1713,14:26,0,Halle,1,14:25,14:26,0,0,1,60,0
2026-06-22,Halle,Diest,IC 1713,14:26,1,Brussels-South/Brussels-Midi,1,14:36,14:40,0,0,0,0,0
2026-06-22,Halle,Diest,IC 1713,14:26,2,Brussels-Central,1,14:44,14:45,0,0,0,0,0
2026-06-22,Halle,Diest,IC 1713,14:26,3,Brussels-North,1,14:49,14:52,0,0,0,0,0
2026-06-22,Halle,Diest,IC 1713,14:26,4,Aarschot,0,15:18,15:22,-3,-180,0,0,0
2026-06-22,Halle,Diest,IC 1713,14:26,5,Diest,1,15:34,15:35,12,720,13,780,0
2026-06-22,Halle,Diest,IC 1714,15:26,0,Halle,1,15:25,15:26,0,0,1,60,0
2026-06-22,Halle,Diest,IC 1714,15:26,1,Brussels-South/Brussels-Midi,1,15:36,15:39,0,0,1,60,0
2026-06-22,Halle,Diest,IC 1714,15:26,2,Brussels-Central,1,15:43,15:44,0,0,1,60,0
2026-06-22,Halle,Diest,IC 1714,15:26,3,Brussels-North,1,15:48,15:52,0,0,1,60,0
2026-06-22,Halle,Diest,IC 1714,15:26,4,Aarschot,0,16:18,16:22,-2,-120,0,0,0
2026-06-22,Halle,Diest,IC 1714,15:26,5,Diest,1,16:34,16:35,0,0,1,60,0
2026-06-22,Halle,Diest,IC 1715,16:26,0,Halle,1,16:25,16:26,-1,-60,0,0,0
2026-06-22,Halle,Diest,IC 1715,16:26,1,Brussels-South/Brussels-Midi,1,16:36,16:40,0,0,1,60,0
2026-06-22,Halle,Diest,IC 1715,16:26,2,Brussels-Central,1,16:44,16:45,4,240,5,300,0
2026-06-22,Halle,Diest,IC 1715,16:26,3,Brussels-North,1,16:49,16:52,5,300,4,240,0
2026-06-22,Halle,Diest,IC 1715,16:26,4,Aarschot,0,17:18,17:21,7,420,7,420,0
2026-06-22,Halle,Diest,IC 1715,16:26,5,Diest,1,17:33,17:35,6,360,6,360,0
2026-08-14,Brussels-South/Brussels-Midi,Leuven,IC 522,00:20,0,Brussels-South/Brussels-Midi,1,00:17,00:20,2,120,1,60,0
2026-08-14,Brussels-South/Brussels-Midi,Leuven,IC 522,00:20,1,Brussels-Central,1,00:24,00:25,0,0,0,0,0
2026-08-14,Brussels-South/Brussels-Midi,Leuven,IC 522,00:20,2,Brussels-North,1,00:29,00:31,0,0,0,0,0
2026-08-14,Brussels-South/Brussels-Midi,Leuven,IC 522,00:20,3,Leuven,1,00:48,00:51,0,0,0,0,0
2026-08-14,Brussels-South/Brussels-Midi,Leuven,IC 1505,06:36,0,Brussels-South/Brussels-Midi,1,06:27,06:36,0,0,0,0,0
2026-08-14,Brussels-South/Brussels-Midi,Leuven,IC 1505,06:36,1,Brussels-Central,1,06:40,06:41,0,0,1,60,0
2026-08-14,Brussels-South/Brussels-Midi,Leuven,IC 1505,06:36,2,Brussels-North,1,06:45,06:48,0,0,0,0,0
2026-08-14,Brussels-South/Brussels-Midi,Leuven,IC 1505,06:36,3,Leuven,1,07:04,07:07,0,0,1,60,0
2026-08-14,Brussels-South/Brussels-Midi,Leuven,IC 1506,07:36,0,Brussels-South/Brussels-Midi,1,07:29,07:36,1,60,0,0,0
2026-08-14,Brussels-South/Brussels-Midi,Leuven,IC 1506,07:36,1,Brussels-Central,1,07:40,07:41,0,0,0,0,0
2026-08-14,Brussels-South/Brussels-Midi,Leuven,IC 1506,07:36,2,Brussels-North,1,07:45,07:48,0,0,1,60,0
2026-08-14,Brussels-South/Brussels-Midi,Leuven,IC 1506,07:36,3,Leuven,1,08:04,08:07,-1,-60,1,60,0
2026-08-14,Brussels-South/Brussels-Midi,Leuven,IC 1507,08:36,0,Brussels-South/Brussels-Midi,1,08:32,08:36,3,180,1,60,0
2026-08-14,Brussels-South/Brussels-Midi,Leuven,IC 1507,08:36,1,Brussels-Central,1,08:40,08:41,2,120,3,180,0
2026-08-14,Brussels-South/Brussels-Midi,Leuven,IC 1507,08:36,2,Brussels-North,1,08:45,08:48,3,180,2,120,0
2026-08-14,Brussels-South/Brussels-Midi,Leuven,IC 1507,08:36,3,Leuven,1,09:04,09:07,2,120,1,60,0
2026-08-14,Brussels-South/Brussels-Midi,Leuven,IC 1508,09:36,0,Brussels-South/Brussels-Midi,1,09:28,09:36,0,0,0,0,0
2026-08-14,Brussels-South/Brussels-Midi,Leuven,IC 1508,09:36,1,Brussels-Central,1,09:40,09:41,0,0,1,60,0
2026-08-14,Brussels-South/Brussels-Midi,Leuven,IC 1508,09:36,2,Brussels-North,1,09:45,09:48,0,0,1,60,0
2026-08-14,Brussels-South/Brussels-Midi,Leuven,IC 1508,09:36,3,Leuven,1,10:04,10:07,0,0,1,60,0
2026-08-14,Brussels-South/Brussels-Midi,Leuven,IC 1509,10:36,0,Brussels-South/Brussels-Midi,1,10:28,10:36,0,0,2,120,0
2026-08-14,Brussels-South/Brussels-Midi,Leuven,IC 1509,10:36,1,Brussels-Central,1,10:40,10:41,1,60,3,180,0
2026-08-14,Brussels-South/Brussels-Midi,Leuven,IC 1509,10:36,2,Brussels-North,1,10:45,10:48,3,180,2,120,0
2026-08-14,Brussels-South/Brussels-Midi,Leuven,IC 1509,10:36,3,Leuven,1,11:04,11:07,0,0,0,0,0
2026-08-14,Brussels-South/Brussels-Midi,Leuven,IC 1510,11:36,0,Brussels-South/Brussels-Midi,1,11:28,11:36,0,0,0,0,0
2026-08-14,Brussels-South/Brussels-Midi,Leuven,IC 1510,11:36,1,Brussels-Central,1,11:40,11:41,0,0,1,60,0
2026-08-14,Brussels-South/Brussels-Midi,Leuven,IC 1510,11:36,2,Brussels-North,1,11:45,11:48,1,60,1,60,0
2026-08-14,Brussels-South/Brussels-Midi,Leuven,IC 1510,11:36,3,Leuven,1,12:04,12:07,-1,-60,1,60,0
2026-08-14,Brussels-South/Brussels-Midi,Leuven,IC 1511,12:32,0,Brussels-South/Brussels-Midi,1,12:28,12:32,0,0,1,60,0
2026-08-14,Brussels-South/Brussels-Midi,Leuven,IC 1511,12:32,1,Brussels-Central,1,12:36,12:37,1,60,1,60,0
2026-08-14,Brussels-South/Brussels-Midi,Leuven,IC 1511,12:32,2,Brussels-North,1,12:41,12:44,1,60,1,60,0
2026-08-14,Brussels-South/Brussels-Midi,Leuven,IC 1511,12:32,3,Leuven,1,13:01,13:07,1,60,0,0,0
2026-08-14,Brussels-South/Brussels-Midi,Leuven,IC 1512,13:36,0,Brussels-South/Brussels-Midi,1,13:28,13:36,-1,-60,1,60,0
2026-08-14,Brussels-South/Brussels-Midi,Leuven,IC 1512,13:36,1,Brussels-Central,1,13:40,13:41,1,60,2,120,0
2026-08-14,Brussels-South/Brussels-Midi,Leuven,IC 1512,13:36,2,Brussels-North,1,13:45,13:48,2,120,1,60,0
2026-08-14,Brussels-South/Brussels-Midi,Leuven,IC 1512,13:36,3,Leuven,1,14:04,14:07,-1,-60,0,0,0
2026-08-14,Brussels-South/Brussels-Midi,Leuven,IC 1513,14:36,0,Brussels-South/Brussels-Midi,1,14:28,14:36,49,2940,44,2640,0
2026-08-14,Brussels-South/Brussels-Midi,Leuven,IC 1513,14:36,1,Brussels-Central,1,14:40,14:41,44,2640,45,2700,0
2026-08-14,Brussels-South/Brussels-Midi,Leuven,IC 1513,14:36,2,Brussels-North,1,14:45,14:48,45,2700,44,2640,0
2026-08-14,Brussels-South/Brussels-Midi,Leuven,IC 1513,14:36,3,Leuven,1,15:04,15:07,42,2520,41,2460,0
2026-08-14,Brussels-South/Brussels-Midi,Leuven,IC 1514,15:36,0,Brussels-South/Brussels-Midi,1,15:28,15:36,3,180,0,0,0
2026-08-14,Brussels-South/Brussels-Midi,Leuven,IC 1514,15:36,1,Brussels-Central,1,15:40,15:41,2,120,3,180,0
2026-08-14,Brussels-South/Brussels-Midi,Leuven,IC 1514,15:36,2,Brussels-North,1,15:45,15:48,2,120,2,120,0
2026-08-14,Brussels-South/Brussels-Midi,Leuven,IC 1514,15:36,3,Leuven,1,16:04,16:07,5,300,5,300,0
2026-08-14,Brussels-South/Brussels-Midi,Leuven,IC 1515,16:32,0,Brussels-South/Brussels-Midi,1,16:28,16:32,5,300,9,540,0
2026-08-14,Brussels-South/Brussels-Midi,Leuven,IC 1515,16:32,1,Brussels-Central,1,16:36,16:37,15,900,16,960,0
2026-08-14,Brussels-South/Brussels-Midi,Leuven,IC 1515,16:32,2,Brussels-North,1,16:41,16:44,16,960,29,1740,0
2026-08-14,Brussels-South/Brussels-Midi,Leuven,IC 1515,16:32,3,Leuven,1,17:01,17:07,35,2100,31,1860,0
2026-08-14,Brussels-South/Brussels-Midi,Leuven,IC 1516,17:36,0,Brussels-South/Brussels-Midi,1,17:28,17:36,5,300,2,120,0
2026-08-14,Brussels-South/Brussels-Midi,Leuven,IC 1516,17:36,1,Brussels-Central,1,17:40,17:41,9,540,10,600,0
2026-08-14,Brussels-South/Brussels-Midi,Leuven,IC 1516,17:36,2,Brussels-North,1,17:45,17:48,11,660,9,540,0
2026-08-14,Brussels-South/Brussels-Midi,Leuven,IC 1516,17:36,3,Leuven,1,18:04,18:07,12,720,13,780,0
2026-08-14,Brussels-South/Brussels-Midi,Leuven,IC 1517,18:32,0,Brussels-South/Brussels-Midi,1,18:28,18:32,1,60,5,300,0
2026-08-14,Brussels-South/Brussels-Midi,Leuven,IC 1517,18:32,1,Brussels-Central,1,18:36,18:37,7,420,8,480,0
2026-08-14,Brussels-South/Brussels-Midi,Leuven,IC 1517,18:32,2,Brussels-North,1,18:41,18:44,7,420,6,360,0
2026-08-14,Brussels-South/Brussels-Midi,Leuven,IC 1517,18:32,3,Leuven,1,19:01,19:07,7,420,3,180,0
2026-08-14,Brussels-South/Brussels-Midi,Leuven,IC 1518,19:36,0,Brussels-South/Brussels-Midi,1,19:28,19:36,-3,-180,4,240,0
2026-08-14,Brussels-South/Brussels-Midi,Leuven,IC 1518,19:36,1,Brussels-Central,1,19:40,19:41,3,180,4,240,0
2026-08-14,Brussels-South/Brussels-Midi,Leuven,IC 1518,19:36,2,Brussels-North,1,19:45,19:48,4,240,3,180,0
2026-08-14,Brussels-South/Brussels-Midi,Leuven,IC 1518,19:36,3,Leuven,1,20:04,20:07,5,300,6,360,0
2026-08-14,Brussels-South/Brussels-Midi,Leuven,IC 1519,20:32,0,Brussels-South/Brussels-Midi,1,20:28,20:32,0,0,2,120,0
2026-08-14,Brussels-South/Brussels-Midi,Leuven,IC 1519,20:32,1,Brussels-Central,1,20:36,20:37,2,120,3,180,0
2026-08-14,Brussels-South/Brussels-Midi,Leuven,IC 1519,20:32,2,Brussels-North,1,20:41,20:44,2,120,2,120,0
2026-08-14,Brussels-South/Brussels-Midi,Leuven,IC 1519,20:32,3,Leuven,1,21:01,21:07,1,60,1,60,0
2026-08-14,Brussels-South/Brussels-Midi,Leuven,IC 1520,21:36,0,Brussels-South/Brussels-Midi,1,21:28,21:36,-4,-240,0,0,0
2026-08-14,Brussels-South/Brussels-Midi,Leuven,IC 1520,21:36,1,Brussels-Central,1,21:40,21:41,0,0,0,0,0
2026-08-14,Brussels-South/Brussels-Midi,Leuven,IC 1520,21:36,2,Brussels-North,1,21:45,21:48,0,0,0,0,0
2026-08-14,Brussels-South/Brussels-Midi,Leuven,IC 1520,21:36,3,Leuven,1,22:04,22:07,-2,-120,0,0,0
2026-08-14,Brussels-South/Brussels-Midi,Leuven,IC 1521,22:36,0,Brussels-South/Brussels-Midi,1,22:28,22:36,-2,-120,1,60,0
2026-08-14,Brussels-South/Brussels-Midi,Leuven,IC 1521,22:36,1,Brussels-Central,1,22:40,22:41,0,0,3,180,0
2026-08-14,Brussels-South/Brussels-Midi,Leuven,IC 1521,22:36,2,Brussels-North,1,22:45,22:48,3,180,2,120,0
2026-08-14,Brussels-South/Brussels-Midi,Leuven,IC 1521,22:36,3,Leuven,1,23:04,23:07,4,240,5,300,0
2026-08-14,Brussels-South/Brussels-Midi,Leuven,IC 521,22:56,0,Brussels-South/Brussels-Midi,1,22:53,22:56,0,0,8,480,0
2026-08-14,Brussels-South/Brussels-Midi,Leuven,IC 521,22:56,1,Brussels-Central,1,23:00,23:01,7,420,8,480,0
2026-08-14,Brussels-South/Brussels-Midi,Leuven,IC 521,22:56,2,Brussels-North,1,23:05,23:08,8,480,7,420,0
2026-08-14,Brussels-South/Brussels-Midi,Leuven,IC 521,22:56,3,Leuven,1,23:23,23:26,5,300,4,240,0
2026-08-14,Brussels-South/Brussels-Midi,Leuven,IC 2821,23:13,0,Brussels-South/Brussels-Midi,1,23:09,23:13,27,1620,26,1560,0
2026-08-14,Brussels-South/Brussels-Midi,Leuven,IC 2821,23:13,1,Brussels-Central,1,23:17,23:18,26,1560,26,1560,0
2026-08-14,Brussels-South/Brussels-Midi,Leuven,IC 2821,23:13,2,Brussels-North,1,23:22,23:25,26,1560,25,1500,0
2026-08-14,Brussels-South/Brussels-Midi,Leuven,IC 2821,23:13,3,Brussels Airport - Zaventem,0,23:36,23:38,24,1440,24,1440,0
2026-08-14,Brussels-South/Brussels-Midi,Leuven,IC 2821,23:13,4,Leuven,1,23:51,23:56,23,1380,20,1200,0
2026-08-14,Brussels-South/Brussels-Midi,Leuven,S2 3672,23:30,0,Brussels-South/Brussels-Midi,1,23:30,23:30,0,0,0,0,0
2026-08-14,Brussels-South/Brussels-Midi,Leuven,S2 3672,23:30,1,Brussels-Central,1,23:33,23:34,1,60,1,60,0
2026-08-14,Brussels-South/Brussels-Midi,Leuven,S2 3672,23:30,2,Brussels-North,1,23:38,23:40,1,60,4,240,0
2026-08-14,Brussels-South/Brussels-Midi,Leuven,S2 3672,23:30,3,Schaarbeek/Schaerbeek,0,23:44,23:45,4,240,4,240,0
2026-08-14,Brussels-South/Brussels-Midi,Leuven,S2 3672,23:30,4,Haren-Sud/Haren-Zuid,0,23:48,23:49,5,300,4,240,0
2026-08-14,Brussels-South/Brussels-Midi,Leuven,S2 3672,23:30,5,Diegem,0,23:52,23:53,4,240,4,240,0
2026-08-14,Brussels-South/Brussels-Midi,Leuven,S2 3672,23:30,6,Zaventem,0,23:55,23:56,5,300,4,240,0
2026-08-14,Brussels-South/Brussels-Midi,Leuven,S2 3672,23:30,7,Nossegem,0,23:58,23:59,5,300,5,300,0
2026-08-14,Brussels-South/Brussels-Midi,Leuven,S2 3672,23:30,8,Kortenberg,0,00:02,00:03,5,300,4,240,0
2026-08-14,Brussels-South/Brussels-Midi,Leuven,S2 3672,23:30,9,Erps-Kwerps,0,00:06,00:07,4,240,4,240,0
2026-08-14,Brussels-South/Brussels-Midi,Leuven,S2 3672,23:30,10,Veltem,0,00:09,00:10,4,240,4,240,0
2026-08-14,Brussels-South/Brussels-Midi,Leuven,S2 3672,23:30,11,Herent,0,00:13,00:14,3,180,3,180,0
2026-08-14,Brussels-South/Brussels-Midi,Leuven,S2 3672,23:30,12,Leuven,1,00:19,00:19,2,120,0,0,0
2026-08-14,Diest,Halle,IC 1733,11:28,0,Diest,1,11:25,11:28,-1,-60,0,0,0
2026-08-14,Diest,Halle,IC 1733,11:28,1,Aarschot,0,11:39,11:44,-1,-60,0,0,0
2026-08-14,Diest,Halle,IC 1733,11:28,2,Brussels-North,1,12:10,12:13,1,60,0,0,0
2026-08-14,Diest,Halle,IC 1733,11:28,3,Brussels-Central,1,12:17,12:18,0,0,1,60,0
2026-08-14,Diest,Halle,IC 1733,11:28,4,Brussels-South/Brussels-Midi,1,12:22,12:26,0,0,3,180,0
2026-08-14,Diest,Halle,IC 1733,11:28,5,Halle,1,12:37,12:40,7,420,6,360,0
2026-08-14,Diest,Halle,IC 1734,12:28,0,Diest,1,12:25,12:28,0,0,1,60,0
2026-08-14,Diest,Halle,IC 1734,12:28,1,Aarschot,0,12:39,12:44,0,0,0,0,0
2026-08-14,Diest,Halle,IC 1734,12:28,2,Brussels-North,1,13:10,13:13,-2,-120,0,0,0
2026-08-14,Diest,Halle,IC 1734,12:28,3,Brussels-Central,1,13:17,13:18,0,0,0,0,0
2026-08-14,Diest,Halle,IC 1734,12:28,4,Brussels-South/Brussels-Midi,1,13:22,13:26,0,0,1,60,0
2026-08-14,Diest,Halle,IC 1734,12:28,5,Halle,1,13:37,13:40,0,0,1,60,0
2026-08-14,Halle,Diest,IC 1704,05:24,0,Halle,1,05:21,05:24,-1,-60,0,0,0
2026-08-14,Halle,Diest,IC 1704,05:24,1,Brussels-South/Brussels-Midi,1,05:34,05:40,-1,-60,1,60,0
2026-08-14,Halle,Diest,IC 1704,05:24,2,Brussels-Central,1,05:44,05:45,0,0,1,60,0
2026-08-14,Halle,Diest,IC 1704,05:24,3,Brussels-North,1,05:49,05:52,0,0,0,0,0
2026-08-14,Halle,Diest,IC 1704,05:24,4,Aarschot,0,06:18,06:22,-1,-60,0,0,0
2026-08-14,Halle,Diest,IC 1704,05:24,5,Diest,1,06:34,06:35,-2,-120,0,0,0
2026-08-14,Leuven,Brussels-South/Brussels-Midi,IC 545,00:00,0,Leuven,1,23:57,00:00,0,0,0,0,0
2026-08-14,Leuven,Brussels-South/Brussels-Midi,IC 545,00:00,1,Brussels-North,1,00:16,00:18,0,0,0,0,0
2026-08-14,Leuven,Brussels-South/Brussels-Midi,IC 545,00:00,2,Brussels-Central,1,00:22,00:23,0,0,0,0,0
2026-08-14,Leuven,Brussels-South/Brussels-Midi,IC 545,00:00,3,Brussels-South/Brussels-Midi,1,00:27,00:31,0,0,0,0,0
2026-08-14,Leuven,Brussels-South/Brussels-Midi,IC 544,22:36,0,Leuven,1,22:33,22:36,-2,-120,0,0,0
2026-08-14,Leuven,Brussels-South/Brussels-Midi,IC 544,22:36,1,Brussels-North,1,22:51,22:54,1,60,0,0,0
2026-08-14,Leuven,Brussels-South/Brussels-Midi,IC 544,22:36,2,Brussels-Central,1,22:58,22:59,2,120,3,180,0
2026-08-14,Leuven,Brussels-South/Brussels-Midi,IC 544,22:36,3,Brussels-South/Brussels-Midi,1,23:03,23:07,2,120,0,0,0
2026-08-14,Leuven,Brussels-South/Brussels-Midi,IC 2845,23:07,0,Leuven,1,23:03,23:07,1,60,0,0,0
2026-08-14,Leuven,Brussels-South/Brussels-Midi,IC 2845,23:07,1,Brussels Airport - Zaventem,0,23:20,23:24,0,0,0,0,0
2026-08-14,Leuven,Brussels-South/Brussels-Midi,IC 2845,23:07,2,Brussels-North,1,23:35,23:38,0,0,0,0,0
2026-08-14,Leuven,Brussels-South/Brussels-Midi,IC 2845,23:07,3,Brussels-Central,1,23:42,23:43,0,0,1,60,0
2026-08-14,Leuven,Brussels-South/Brussels-Midi,IC 2845,23:07,4,Brussels-South/Brussels-Midi,1,23:47,00:18,0,0,0,0,0
2026-08-15,Brussels-North,Halle,IC 10328,07:18,0,Brussels-North,1,07:16,07:18,-1,-60,0,0,0
2026-08-15,Brussels-North,Halle,IC 10328,07:18,1,Brussels-Central,1,07:22,07:23,0,0,0,0,0
2026-08-15,Brussels-North,Halle,IC 10328,07:18,2,Brussels-South/Brussels-Midi,1,07:27,07:36,-1,-60,0,0,0
2026-08-15,Brussels-North,Halle,IC 10328,07:18,3,Halle,1,07:46,07:50,-1,-60,0,0,0
2026-08-15,Brussels-North,Halle,IC 10329,08:18,0,Brussels-North,1,08:16,08:18,12,720,13,780,0
2026-08-15,Brussels-North,Halle,IC 10329,08:18,1,Brussels-Central,1,08:22,08:23,13,780,13,780,0
2026-08-15,Brussels-North,Halle,IC 10329,08:18,2,Brussels-South/Brussels-Midi,1,08:27,08:36,13,780,6,360,0
2026-08-15,Brussels-North,Halle,IC 10329,08:18,3,Halle,1,08:46,08:50,4,240,1,60,0
2026-08-15,Brussels-North,Halle,IC 10330,09:18,0,Brussels-North,1,09:16,09:18,0,0,0,0,0
2026-08-15,Brussels-North,Halle,IC 10330,09:18,1,Brussels-Central,1,09:22,09:23,0,0,1,60,0
2026-08-15,Brussels-North,Halle,IC 10330,09:18,2,Brussels-South/Brussels-Midi,1,09:27,09:36,1,60,1,60,0
2026-08-15,Brussels-North,Halle,IC 10330,09:18,3,Halle,1,09:46,09:50,0,0,0,0,0
2026-08-15,Brussels-North,Halle,IC 10331,10:18,0,Brussels-North,1,10:16,10:18,0,0,0,0,0
2026-08-15,Brussels-North,Halle,IC 10331,10:18,1,Brussels-Central,1,10:22,10:23,0,0,1,60,0
2026-08-15,Brussels-North,Halle,IC 10331,10:18,2,Brussels-South/Brussels-Midi,1,10:27,10:36,0,0,1,60,0
2026-08-15,Brussels-North,Halle,IC 10331,10:18,3,Halle,1,10:46,10:50,1,60,0,0,0
2026-08-15,Brussels-North,Halle,IC 10332,11:18,0,Brussels-North,1,11:16,11:18,0,0,0,0,0
2026-08-15,Brussels-North,Halle,IC 10332,11:18,1,Brussels-Central,1,11:22,11:23,0,0,1,60,0
2026-08-15,Brussels-North,Halle,IC 10332,11:18,2,Brussels-South/Brussels-Midi,1,11:27,11:36,0,0,0,0,0
2026-08-15,Brussels-North,Halle,IC 10332,11:18,3,Halle,1,11:46,11:50,-1,-60,0,0,0
2026-08-15,Brussels-North,Halle,IC 10333,12:18,0,Brussels-North,1,12:16,12:18,-1,-60,0,0,0
2026-08-15,Brussels-North,Halle,IC 10333,12:18,1,Brussels-Central,1,12:22,12:23,0,0,1,60,0
2026-08-15,Brussels-North,Halle,IC 10333,12:18,2,Brussels-South/Brussels-Midi,1,12:27,12:36,0,0,1,60,0
2026-08-15,Brussels-North,Halle,IC 10333,12:18,3,Halle,1,12:46,12:50,0,0,1,60,0
2026-08-15,Brussels-North,Halle,IC 10334,13:18,0,Brussels-North,1,13:16,13:18,0,0,0,0,0
2026-08-15,Brussels-North,Halle,IC 10334,13:18,1,Brussels-Central,1,13:22,13:23,1,60,2,120,0
2026-08-15,Brussels-North,Halle,IC 10334,13:18,2,Brussels-South/Brussels-Midi,1,13:27,13:36,1,60,0,0,0
2026-08-15,Brussels-North,Halle,IC 10334,13:18,3,Halle,1,13:46,13:50,0,0,0,0,0
2026-08-15,Brussels-North,Halle,IC 10335,14:18,0,Brussels-North,1,14:16,14:18,0,0,0,0,0
2026-08-15,Brussels-North,Halle,IC 10335,14:18,1,Brussels-Central,1,14:22,14:23,0,0,1,60,0
2026-08-15,Brussels-North,Halle,IC 10335,14:18,2,Brussels-South/Brussels-Midi,1,14:27,14:36,0,0,0,0,0
2026-08-15,Brussels-North,Halle,IC 10335,14:18,3,Halle,1,14:46,14:50,0,0,0,0,0
2026-08-15,Brussels-North,Halle,IC 10336,15:18,0,Brussels-North,1,15:16,15:18,-1,-60,0,0,0
2026-08-15,Brussels-North,Halle,IC 10336,15:18,1,Brussels-Central,1,15:22,15:23,0,0,1,60,0
2026-08-15,Brussels-North,Halle,IC 10336,15:18,2,Brussels-South/Brussels-Midi,1,15:27,15:36,0,0,0,0,0
2026-08-15,Brussels-North,Halle,IC 10336,15:18,3,Halle,1,15:46,15:50,0,0,0,0,0
2026-08-15,Brussels-North,Halle,IC 10337,16:18,0,Brussels-North,1,16:16,16:18,0,0,0,0,0
2026-08-15,Brussels-North,Halle,IC 10337,16:18,1,Brussels-Central,1,16:22,16:23,0,0,1,60,0
2026-08-15,Brussels-North,Halle,IC 10337,16:18,2,Brussels-South/Brussels-Midi,1,16:27,16:36,0,0,0,0,0
2026-08-15,Brussels-North,Halle,IC 10337,16:18,3,Halle,1,16:46,16:50,-2,-120,0,0,0
2026-08-15,Brussels-North,Halle,IC 10338,17:18,0,Brussels-North,1,17:16,17:18,0,0,0,0,0
2026-08-15,Brussels-North,Halle,IC 10338,17:18,1,Brussels-Central,1,17:22,17:23,0,0,1,60,0
2026-08-15,Brussels-North,Halle,IC 10338,17:18,2,Brussels-South/Brussels-Midi,1,17:27,17:36,1,60,0,0,0
2026-08-15,Brussels-North,Halle,IC 10338,17:18,3,Halle,1,17:46,17:50,0,0,0,0,0
2026-08-15,Brussels-North,Halle,IC 10339,18:18,0,Brussels-North,1,18:16,18:18,0,0,0,0,0
2026-08-15,Brussels-North,Halle,IC 10339,18:18,1,Brussels-Central,1,18:22,18:23,0,0,1,60,0
2026-08-15,Brussels-North,Halle,IC 10339,18:18,2,Brussels-South/Brussels-Midi,1,18:27,18:36,2,120,1,60,0
2026-08-15,Brussels-North,Halle,IC 10339,18:18,3,Halle,1,18:46,18:50,0,0,0,0,0
2026-08-15,Brussels-North,Halle,IC 10340,19:18,0,Brussels-North,1,19:16,19:18,0,0,0,0,0
2026-08-15,Brussels-North,Halle,IC 10340,19:18,1,Brussels-Central,1,19:22,19:23,0,0,1,60,0
2026-08-15,Brussels-North,Halle,IC 10340,19:18,2,Brussels-South/Brussels-Midi,1,19:27,19:36,1,60,0,0,0
2026-08-15,Brussels-North,Halle,IC 10340,19:18,3,Halle,1,19:46,19:50,-1,-60,0,0,0
2026-08-15,Brussels-North,Halle,IC 10341,20:18,0,Brussels-North,1,20:16,20:18,0,0,0,0,0
2026-08-15,Brussels-North,Halle,IC 10341,20:18,1,Brussels-Central,1,20:22,20:23,0,0,1,60,0
2026-08-15,Brussels-North,Halle,IC 10341,20:18,2,Brussels-South/Brussels-Midi,1,20:27,20:36,0,0,0,0,0
2026-08-15,Brussels-North,Halle,IC 10341,20:18,3,Halle,1,20:46,20:50,-1,-60,0,0,0
2026-08-15,Brussels-North,Halle,IC 10342,21:18,0,Brussels-North,1,21:16,21:18,0,0,0,0,0
2026-08-15,Brussels-North,Halle,IC 10342,21:18,1,Brussels-Central,1,21:22,21:23,0,0,1,60,0
2026-08-15,Brussels-North,Halle,IC 10342,21:18,2,Brussels-South/Brussels-Midi,1,21:27,21:36,0,0,1,60,0
2026-08-15,Brussels-North,Halle,IC 10342,21:18,3,Halle,1,21:46,21:50,1,60,0,0,0
2026-08-15,Brussels-North,Halle,IC 10343,22:18,0,Brussels-North,1,22:16,22:18,0,0,0,0,0
2026-08-15,Brussels-North,Halle,IC 10343,22:18,1,Brussels-Central,1,22:22,22:23,0,0,1,60,0
2026-08-15,Brussels-North,Halle,IC 10343,22:18,2,Brussels-South/Brussels-Midi,1,22:27,22:36,1,60,0,0,0
2026-08-15,Brussels-North,Halle,IC 10343,22:18,3,Halle,1,22:46,22:50,0,0,0,0,0
2026-08-15,Brussels-North,Halle,IC 10344,23:18,0,Brussels-North,1,23:16,23:18,0,0,0,0,0
2026-08-15,Brussels-North,Halle,IC 10344,23:18,1,Brussels-Central,1,23:22,23:23,4,240,6,360,0
2026-08-15,Brussels-North,Halle,IC 10344,23:18,2,Brussels-South/Brussels-Midi,1,23:27,23:36,6,360,0,0,0
2026-08-15,Brussels-North,Halle,IC 10344,23:18,3,Halle,1,23:46,23:49,-1,-60,0,0,0
2026-08-15,Brussels-South/Brussels-Midi,Leuven,IC 522,00:20,0,Brussels-South/Brussels-Midi,1,00:17,00:20,14,840,13,780,0
2026-08-15,Brussels-South/Brussels-Midi,Leuven,IC 522,00:20,1,Brussels-Central,1,00:24,00:25,12,720,12,720,0
2026-08-15,Brussels-South/Brussels-Midi,Leuven,IC 522,00:20,2,Brussels-North,1,00:29,00:31,11,660,11,660,0
2026-08-15,Brussels-South/Brussels-Midi,Leuven,IC 522,00:20,3,Leuven,1,00:48,00:51,9,540,8,480,0
2026-08-15,Brussels-South/Brussels-Midi,Leuven,IC 1521,22:36,0,Brussels-South/Brussels-Midi,1,22:31,22:36,-1,-60,1,60,0
2026-08-15,Brussels-South/Brussels-Midi,Leuven,IC 1521,22:36,1,Brussels-Central,1,22:40,22:41,0,0,1,60,0
2026-08-15,Brussels-South/Brussels-Midi,Leuven,IC 1521,22:36,2,Brussels-North,1,22:45,22:48,1,60,1,60,0
2026-08-15,Brussels-South/Brussels-Midi,Leuven,IC 1521,22:36,3,Leuven,1,23:04,23:07,0,0,3,180,0
2026-08-15,Brussels-South/Brussels-Midi,Leuven,IC 521,22:56,0,Brussels-South/Brussels-Midi,1,22:53,22:56,3,180,6,360,0
2026-08-15,Brussels-South/Brussels-Midi,Leuven,IC 521,22:56,1,Brussels-Central,1,23:00,23:01,5,300,6,360,0
2026-08-15,Brussels-South/Brussels-Midi,Leuven,IC 521,22:56,2,Brussels-North,1,23:05,23:07,6,360,6,360,0
2026-08-15,Brussels-South/Brussels-Midi,Leuven,IC 521,22:56,3,Leuven,1,23:22,23:27,6,360,3,180,0
2026-08-15,Leuven,Brussels-South/Brussels-Midi,IC 545,00:00,0,Leuven,1,23:57,00:00,12,720,11,660,0
2026-08-15,Leuven,Brussels-South/Brussels-Midi,IC 545,00:00,1,Brussels-North,1,00:16,00:18,11,660,11,660,0
2026-08-15,Leuven,Brussels-South/Brussels-Midi,IC 545,00:00,2,Brussels-Central,1,00:22,00:23,10,600,10,600,0
2026-08-15,Leuven,Brussels-South/Brussels-Midi,IC 545,00:00,3,Brussels-South/Brussels-Midi,1,00:27,00:30,9,540,8,480,0
2026-08-16,Brussels-North,Halle,IC 3427,06:14,0,Brussels-North,1,06:12,06:14,0,0,0,0,0
2026-08-16,Brussels-North,Halle,IC 3427,06:14,1,Brussels-Central,1,06:18,06:19,0,0,0,0,0
2026-08-16,Brussels-North,Halle,IC 3427,06:14,2,Brussels-South/Brussels-Midi,1,06:23,06:26,0,0,0,0,0
2026-08-16,Brussels-North,Halle,IC 3427,06:14,3,Halle,1,06:37,06:40,0,0,0,0,0
2026-08-16,Brussels-North,Halle,IC 10327,06:18,0,Brussels-North,1,06:16,06:18,0,0,0,0,0
2026-08-16,Brussels-North,Halle,IC 10327,06:18,1,Brussels-Central,1,06:22,06:23,0,0,0,0,0
2026-08-16,Brussels-North,Halle,IC 10327,06:18,2,Brussels-South/Brussels-Midi,1,06:27,06:36,0,0,0,0,0
2026-08-16,Brussels-North,Halle,IC 10327,06:18,3,Halle,1,06:46,06:50,0,0,0,0,0
2026-08-16,Brussels-North,Halle,IC 3428,07:14,0,Brussels-North,1,07:12,07:14,0,0,0,0,0
2026-08-16,Brussels-North,Halle,IC 3428,07:14,1,Brussels-Central,1,07:18,07:19,0,0,0,0,0
2026-08-16,Brussels-North,Halle,IC 3428,07:14,2,Brussels-South/Brussels-Midi,1,07:23,07:26,0,0,0,0,0
2026-08-16,Brussels-North,Halle,IC 3428,07:14,3,Halle,1,07:37,07:40,0,0,0,0,0
2026-08-16,Brussels-North,Halle,IC 10328,07:18,0,Brussels-North,1,07:16,07:18,0,0,0,0,0
2026-08-16,Brussels-North,Halle,IC 10328,07:18,1,Brussels-Central,1,07:22,07:23,0,0,0,0,0
2026-08-16,Brussels-North,Halle,IC 10328,07:18,2,Brussels-South/Brussels-Midi,1,07:27,07:36,0,0,0,0,0
2026-08-16,Brussels-North,Halle,IC 10328,07:18,3,Halle,1,07:46,07:50,0,0,0,0,0
2026-08-16,Brussels-North,Halle,IC 3429,08:14,0,Brussels-North,1,08:12,08:14,0,0,0,0,0
2026-08-16,Brussels-North,Halle,IC 3429,08:14,1,Brussels-Central,1,08:18,08:19,0,0,0,0,0
2026-08-16,Brussels-North,Halle,IC 3429,08:14,2,Brussels-South/Brussels-Midi,1,08:23,08:26,0,0,0,0,0
2026-08-16,Brussels-North,Halle,IC 3429,08:14,3,Halle,1,08:37,08:40,0,0,0,0,0
2026-08-16,Brussels-North,Halle,IC 10329,08:18,0,Brussels-North,1,08:16,08:18,0,0,0,0,0
2026-08-16,Brussels-North,Halle,IC 10329,08:18,1,Brussels-Central,1,08:22,08:23,0,0,0,0,0
2026-08-16,Brussels-North,Halle,IC 10329,08:18,2,Brussels-South/Brussels-Midi,1,08:27,08:36,0,0,0,0,0
2026-08-16,Brussels-North,Halle,IC 10329,08:18,3,Halle,1,08:46,08:50,0,0,0,0,0
2026-08-16,Brussels-North,Halle,IC 3430,09:14,0,Brussels-North,1,09:12,09:14,0,0,0,0,0
2026-08-16,Brussels-North,Halle,IC 3430,09:14,1,Brussels-Central,1,09:18,09:19,0,0,0,0,0
2026-08-16,Brussels-North,Halle,IC 3430,09:14,2,Brussels-South/Brussels-Midi,1,09:23,09:26,0,0,0,0,0
2026-08-16,Brussels-North,Halle,IC 3430,09:14,3,Halle,1,09:37,09:40,0,0,0,0,0
2026-08-16,Brussels-North,Halle,IC 10330,09:18,0,Brussels-North,1,09:16,09:18,0,0,0,0,0
2026-08-16,Brussels-North,Halle,IC 10330,09:18,1,Brussels-Central,1,09:22,09:23,0,0,0,0,0
2026-08-16,Brussels-North,Halle,IC 10330,09:18,2,Brussels-South/Brussels-Midi,1,09:27,09:36,0,0,0,0,0
2026-08-16,Brussels-North,Halle,IC 10330,09:18,3,Halle,1,09:46,09:50,0,0,0,0,0
2026-08-16,Brussels-North,Halle,IC 3431,10:14,0,Brussels-North,1,10:12,10:14,0,0,0,0,0
2026-08-16,Brussels-North,Halle,IC 3431,10:14,1,Brussels-Central,1,10:18,10:19,0,0,0,0,0
2026-08-16,Brussels-North,Halle,IC 3431,10:14,2,Brussels-South/Brussels-Midi,1,10:23,10:26,0,0,0,0,0
2026-08-16,Brussels-North,Halle,IC 3431,10:14,3,Halle,1,10:37,10:40,0,0,0,0,0
2026-08-16,Brussels-North,Halle,IC 10331,10:18,0,Brussels-North,1,10:16,10:18,0,0,0,0,0
2026-08-16,Brussels-North,Halle,IC 10331,10:18,1,Brussels-Central,1,10:22,10:23,0,0,0,0,0
2026-08-16,Brussels-North,Halle,IC 10331,10:18,2,Brussels-South/Brussels-Midi,1,10:27,10:36,0,0,0,0,0
2026-08-16,Brussels-North,Halle,IC 10331,10:18,3,Halle,1,10:46,10:50,0,0,0,0,0
2026-08-16,Brussels-North,Halle,IC 3432,11:14,0,Brussels-North,1,11:12,11:14,0,0,0,0,0
2026-08-16,Brussels-North,Halle,IC 3432,11:14,1,Brussels-Central,1,11:18,11:19,0,0,0,0,0
2026-08-16,Brussels-North,Halle,IC 3432,11:14,2,Brussels-South/Brussels-Midi,1,11:23,11:26,0,0,0,0,0
2026-08-16,Brussels-North,Halle,IC 3432,11:14,3,Halle,1,11:37,11:40,0,0,0,0,0
2026-08-16,Brussels-North,Halle,IC 10332,11:18,0,Brussels-North,1,11:16,11:18,0,0,0,0,0
2026-08-16,Brussels-North,Halle,IC 10332,11:18,1,Brussels-Central,1,11:22,11:23,0,0,0,0,0
2026-08-16,Brussels-North,Halle,IC 10332,11:18,2,Brussels-South/Brussels-Midi,1,11:27,11:36,0,0,0,0,0
2026-08-16,Brussels-North,Halle,IC 10332,11:18,3,Halle,1,11:46,11:50,0,0,0,0,0
2026-08-16,Brussels-North,Halle,IC 3433,12:14,0,Brussels-North,1,12:12,12:14,0,0,0,0,0
2026-08-16,Brussels-North,Halle,IC 3433,12:14,1,Brussels-Central,1,12:18,12:19,0,0,0,0,0
2026-08-16,Brussels-North,Halle,IC 3433,12:14,2,Brussels-South/Brussels-Midi,1,12:23,12:26,0,0,0,0,0
2026-08-16,Brussels-North,Halle,IC 3433,12:14,3,Halle,1,12:37,12:40,0,0,0,0,0
2026-08-16,Brussels-North,Halle,IC 10333,12:18,0,Brussels-North,1,12:16,12:18,0,0,0,0,0
2026-08-16,Brussels-North,Halle,IC 10333,12:18,1,Brussels-Central,1,12:22,12:23,0,0,0,0,0
2026-08-16,Brussels-North,Halle,IC 10333,12:18,2,Brussels-South/Brussels-Midi,1,12:27,12:36,0,0,0,0,0
2026-08-16,Brussels-North,Halle,IC 10333,12:18,3,Halle,1,12:46,12:50,0,0,0,0,0
2026-08-16,Brussels-North,Halle,IC 3434,13:14,0,Brussels-North,1,13:12,13:14,0,0,0,0,0
2026-08-16,Brussels-North,Halle,IC 3434,13:14,1,Brussels-Central,1,13:18,13:19,0,0,0,0,0
2026-08-16,Brussels-North,Halle,IC 3434,13:14,2,Brussels-South/Brussels-Midi,1,13:23,13:26,0,0,0,0,0
2026-08-16,Brussels-North,Halle,IC 3434,13:14,3,Halle,1,13:37,13:40,0,0,0,0,0
2026-08-16,Brussels-North,Halle,IC 10334,13:18,0,Brussels-North,1,13:16,13:18,0,0,0,0,0
2026-08-16,Brussels-North,Halle,IC 10334,13:18,1,Brussels-Central,1,13:22,13:23,0,0,0,0,0
2026-08-16,Brussels-North,Halle,IC 10334,13:18,2,Brussels-South/Brussels-Midi,1,13:27,13:36,0,0,0,0,0
2026-08-16,Brussels-North,Halle,IC 10334,13:18,3,Halle,1,13:46,13:50,0,0,0,0,0
2026-08-16,Brussels-North,Halle,IC 3435,14:14,0,Brussels-North,1,14:12,14:14,0,0,0,0,0
2026-08-16,Brussels-North,Halle,IC 3435,14:14,1,Brussels-Central,1,14:18,14:19,0,0,0,0,0
2026-08-16,Brussels-North,Halle,IC 3435,14:14,2,Brussels-South/Brussels-Midi,1,14:23,14:26,0,0,0,0,0
2026-08-16,Brussels-North,Halle,IC 3435,14:14,3,Halle,1,14:37,14:40,0,0,0,0,0
2026-08-16,Brussels-North,Halle,IC 10335,14:18,0,Brussels-North,1,14:16,14:18,0,0,0,0,0
2026-08-16,Brussels-North,Halle,IC 10335,14:18,1,Brussels-Central,1,14:22,14:23,0,0,0,0,0
2026-08-16,Brussels-North,Halle,IC 10335,14:18,2,Brussels-South/Brussels-Midi,1,14:27,14:36,0,0,0,0,0
2026-08-16,Brussels-North,Halle,IC 10335,14:18,3,Halle,1,14:46,14:50,0,0,0,0,0
2026-08-16,Brussels-North,Halle,IC 3436,15:14,0,Brussels-North,1,15:12,15:14,0,0,0,0,0
2026-08-16,Brussels-North,Halle,IC 3436,15:14,1,Brussels-Central,1,15:18,15:19,0,0,0,0,0
2026-08-16,Brussels-North,Halle,IC 3436,15:14,2,Brussels-South/Brussels-Midi,1,15:23,15:26,0,0,0,0,0
2026-08-16,Brussels-North,Halle,IC 3436,15:14,3,Halle,1,15:37,15:40,0,0,0,0,0
2026-08-16,Brussels-North,Halle,IC 10336,15:18,0,Brussels-North,1,15:16,15:18,0,0,0,0,0
2026-08-16,Brussels-North,Halle,IC 10336,15:18,1,Brussels-Central,1,15:22,15:23,0,0,0,0,0
2026-08-16,Brussels-North,Halle,IC 10336,15:18,2,Brussels-South/Brussels-Midi,1,15:27,15:36,0,0,0,0,0
2026-08-16,Brussels-North,Halle,IC 10336,15:18,3,Halle,1,15:46,15:50,0,0,0,0,0
2026-08-16,Brussels-North,Halle,IC 3437,16:14,0,Brussels-North,1,16:12,16:14,0,0,0,0,0
2026-08-16,Brussels-North,Halle,IC 3437,16:14,1,Brussels-Central,1,16:18,16:19,0,0,0,0,0
2026-08-16,Brussels-North,Halle,IC 3437,16:14,2,Brussels-South/Brussels-Midi,1,16:23,16:26,0,0,0,0,0
2026-08-16,Brussels-North,Halle,IC 3437,16:14,3,Halle,1,16:37,16:40,0,0,0,0,0
2026-08-16,Brussels-North,Halle,IC 10337,16:18,0,Brussels-North,1,16:16,16:18,0,0,0,0,0
2026-08-16,Brussels-North,Halle,IC 10337,16:18,1,Brussels-Central,1,16:22,16:23,0,0,0,0,0
2026-08-16,Brussels-North,Halle,IC 10337,16:18,2,Brussels-South/Brussels-Midi,1,16:27,16:36,0,0,0,0,0
2026-08-16,Brussels-North,Halle,IC 10337,16:18,3,Halle,1,16:46,16:50,0,0,0,0,0
2026-08-16,Brussels-North,Halle,IC 3438,17:14,0,Brussels-North,1,17:12,17:14,0,0,0,0,0
2026-08-16,Brussels-North,Halle,IC 3438,17:14,1,Brussels-Central,1,17:18,17:19,0,0,0,0,0
2026-08-16,Brussels-North,Halle,IC 3438,17:14,2,Brussels-South/Brussels-Midi,1,17:23,17:26,0,0,0,0,0
2026-08-16,Brussels-North,Halle,IC 3438,17:14,3,Halle,1,17:37,17:40,0,0,0,0,0
2026-08-16,Brussels-North,Halle,IC 10338,17:18,0,Brussels-North,1,17:16,17:18,0,0,0,0,0
2026-08-16,Brussels-North,Halle,IC 10338,17:18,1,Brussels-Central,1,17:22,17:23,0,0,0,0,0
2026-08-16,Brussels-North,Halle,IC 10338,17:18,2,Brussels-South/Brussels-Midi,1,17:27,17:36,0,0,0,0,0
2026-08-16,Brussels-North,Halle,IC 10338,17:18,3,Halle,1,17:46,17:50,0,0,0,0,0
2026-08-16,Brussels-North,Halle,IC 3439,18:14,0,Brussels-North,1,18:12,18:14,0,0,0,0,0
2026-08-16,Brussels-North,Halle,IC 3439,18:14,1,Brussels-Central,1,18:18,18:19,0,0,0,0,0
2026-08-16,Brussels-North,Halle,IC 3439,18:14,2,Brussels-South/Brussels-Midi,1,18:23,18:26,0,0,0,0,0
2026-08-16,Brussels-North,Halle,IC 3439,18:14,3,Halle,1,18:37,18:40,0,0,0,0,0
2026-08-16,Brussels-North,Halle,IC 10339,18:18,0,Brussels-North,1,18:16,18:18,0,0,0,0,0
2026-08-16,Brussels-North,Halle,IC 10339,18:18,1,Brussels-Central,1,18:22,18:23,0,0,0,0,0
2026-08-16,Brussels-North,Halle,IC 10339,18:18,2,Brussels-South/Brussels-Midi,1,18:27,18:36,0,0,0,0,0
2026-08-16,Brussels-North,Halle,IC 10339,18:18,3,Halle,1,18:46,18:50,0,0,0,0,0
2026-08-16,Brussels-North,Halle,IC 3440,19:14,0,Brussels-North,1,19:12,19:14,0,0,0,0,0
2026-08-16,Brussels-North,Halle,IC 3440,19:14,1,Brussels-Central,1,19:18,19:19,0,0,0,0,0
2026-08-16,Brussels-North,Halle,IC 3440,19:14,2,Brussels-South/Brussels-Midi,1,19:23,19:26,0,0,0,0,0
2026-08-16,Brussels-North,Halle,IC 3440,19:14,3,Halle,1,19:37,19:40,0,0,0,0,0
2026-08-16,Brussels-North,Halle,IC 10340,19:18,0,Brussels-North,1,19:16,19:18,0,0,0,0,0
2026-08-16,Brussels-North,Halle,IC 10340,19:18,1,Brussels-Central,1,19:22,19:23,0,0,0,0,0
2026-08-16,Brussels-North,Halle,IC 10340,19:18,2,Brussels-South/Brussels-Midi,1,19:27,19:36,0,0,0,0,0
2026-08-16,Brussels-North,Halle,IC 10340,19:18,3,Halle,1,19:46,19:50,0,0,0,0,0
2026-08-16,Brussels-North,Halle,IC 3441,20:14,0,Brussels-North,1,20:12,20:14,0,0,0,0,0
2026-08-16,Brussels-North,Halle,IC 3441,20:14,1,Brussels-Central,1,20:18,20:19,0,0,0,0,0
2026-08-16,Brussels-North,Halle,IC 3441,20:14,2,Brussels-South/Brussels-Midi,1,20:23,20:26,0,0,0,0,0
2026-08-16,Brussels-North,Halle,IC 3441,20:14,3,Halle,1,20:37,20:40,0,0,0,0,0
2026-08-16,Brussels-North,Halle,IC 10341,20:18,0,Brussels-North,1,20:16,20:18,0,0,0,0,0
2026-08-16,Brussels-North,Halle,IC 10341,20:18,1,Brussels-Central,1,20:22,20:23,0,0,0,0,0
2026-08-16,Brussels-North,Halle,IC 10341,20:18,2,Brussels-South/Brussels-Midi,1,20:27,20:36,0,0,0,0,0
2026-08-16,Brussels-North,Halle,IC 10341,20:18,3,Halle,1,20:46,20:50,0,0,0,0,0
2026-08-16,Brussels-North,Halle,IC 3442,21:14,0,Brussels-North,1,21:12,21:14,0,0,0,0,0
2026-08-16,Brussels-North,Halle,IC 3442,21:14,1,Brussels-Central,1,21:18,21:19,0,0,0,0,0
2026-08-16,Brussels-North,Halle,IC 3442,21:14,2,Brussels-South/Brussels-Midi,1,21:23,21:26,0,0,0,0,0
2026-08-16,Brussels-North,Halle,IC 3442,21:14,3,Halle,1,21:37,21:40,0,0,0,0,0
2026-08-16,Brussels-North,Halle,IC 10342,21:18,0,Brussels-North,1,21:16,21:18,0,0,0,0,0
2026-08-16,Brussels-North,Halle,IC 10342,21:18,1,Brussels-Central,1,21:22,21:23,0,0,0,0,0
2026-08-16,Brussels-North,Halle,IC 10342,21:18,2,Brussels-South/Brussels-Midi,1,21:27,21:36,0,0,0,0,0
2026-08-16,Brussels-North,Halle,IC 10342,21:18,3,Halle,1,21:46,21:50,0,0,0,0,0
2026-08-16,Brussels-North,Halle,IC 3443,22:14,0,Brussels-North,1,22:12,22:14,0,0,0,0,0
2026-08-16,Brussels-North,Halle,IC 3443,22:14,1,Brussels-Central,1,22:18,22:19,0,0,0,0,0
2026-08-16,Brussels-North,Halle,IC 3443,22:14,2,Brussels-South/Brussels-Midi,1,22:23,22:26,0,0,0,0,0
2026-08-16,Brussels-North,Halle,IC 3443,22:14,3,Halle,1,22:37,22:40,0,0,0,0,0
2026-08-16,Brussels-North,Halle,IC 10343,22:18,0,Brussels-North,1,22:16,22:18,0,0,0,0,0
2026-08-16,Brussels-North,Halle,IC 10343,22:18,1,Brussels-Central,1,22:22,22:23,0,0,0,0,0
2026-08-16,Brussels-North,Halle,IC 10343,22:18,2,Brussels-South/Brussels-Midi,1,22:27,22:36,0,0,0,0,0
2026-08-16,Brussels-North,Halle,IC 10343,22:18,3,Halle,1,22:46,22:50,0,0,0,0,0
2026-08-16,Brussels-North,Halle,IC 3444,23:14,0,Brussels-North,1,23:12,23:14,0,0,0,0,0
2026-08-16,Brussels-North,Halle,IC 3444,23:14,1,Brussels-Central,1,23:18,23:19,0,0,0,0,0
2026-08-16,Brussels-North,Halle,IC 3444,23:14,2,Brussels-South/Brussels-Midi,1,23:23,23:26,0,0,0,0,0
2026-08-16,Brussels-North,Halle,IC 3444,23:14,3,Halle,1,23:37,23:40,0,0,0,0,0
2026-08-16,Brussels-North,Halle,IC 10344,23:18,0,Brussels-North,1,23:16,23:18,0,0,0,0,0
2026-08-16,Brussels-North,Halle,IC 10344,23:18,1,Brussels-Central,1,23:22,23:23,0,0,0,0,0
2026-08-16,Brussels-North,Halle,IC 10344,23:18,2,Brussels-South/Brussels-Midi,1,23:27,23:36,0,0,0,0,0
2026-08-16,Brussels-North,Halle,IC 10344,23:18,3,Halle,1,23:46,23:49,0,0,0,0,0
2026-08-16,Brussels-South/Brussels-Midi,Leuven,IC 522,00:20,0,Brussels-South/Brussels-Midi,1,00:17,00:20,0,0,0,0,0
2026-08-16,Brussels-South/Brussels-Midi,Leuven,IC 522,00:20,1,Brussels-Central,1,00:24,00:25,0,0,0,0,0
2026-08-16,Brussels-South/Brussels-Midi,Leuven,IC 522,00:20,2,Brussels-North,1,00:29,00:31,0,0,0,0,0
2026-08-16,Brussels-South/Brussels-Midi,Leuven,IC 522,00:20,3,Leuven,1,00:48,00:51,0,0,0,0,0
2026-08-16,Brussels-South/Brussels-Midi,Leuven,IC 504,05:56,0,Brussels-South/Brussels-Midi,1,05:53,05:56,0,0,0,0,0
2026-08-16,Brussels-South/Brussels-Midi,Leuven,IC 504,05:56,1,Brussels-Central,1,06:00,06:01,0,0,0,0,0
2026-08-16,Brussels-South/Brussels-Midi,Leuven,IC 504,05:56,2,Brussels-North,1,06:05,06:07,0,0,0,0,0
2026-08-16,Brussels-South/Brussels-Midi,Leuven,IC 504,05:56,3,Leuven,1,06:22,06:24,0,0,0,0,0
2026-08-16,Brussels-South/Brussels-Midi,Leuven,S2 3755,06:00,0,Brussels-South/Brussels-Midi,1,06:00,06:00,0,0,0,0,0
2026-08-16,Brussels-South/Brussels-Midi,Leuven,S2 3755,06:00,1,Brussels-Central,1,06:03,06:04,0,0,0,0,0
2026-08-16,Brussels-South/Brussels-Midi,Leuven,S2 3755,06:00,2,Brussels-North,1,06:08,06:10,0,0,0,0,0
2026-08-16,Brussels-South/Brussels-Midi,Leuven,S2 3755,06:00,3,Schaarbeek/Schaerbeek,0,06:14,06:15,0,0,0,0,0
2026-08-16,Brussels-South/Brussels-Midi,Leuven,S2 3755,06:00,4,Haren-Sud/Haren-Zuid,0,06:19,06:19,0,0,0,0,0
2026-08-16,Brussels-South/Brussels-Midi,Leuven,S2 3755,06:00,5,Diegem,0,06:22,06:23,0,0,0,0,0
2026-08-16,Brussels-South/Brussels-Midi,Leuven,S2 3755,06:00,6,Zaventem,0,06:25,06:26,0,0,0,0,0
2026-08-16,Brussels-South/Brussels-Midi,Leuven,S2 3755,06:00,7,Nossegem,0,06:29,06:29,0,0,0,0,0
2026-08-16,Brussels-South/Brussels-Midi,Leuven,S2 3755,06:00,8,Kortenberg,0,06:32,06:33,0,0,0,0,0
2026-08-16,Brussels-South/Brussels-Midi,Leuven,S2 3755,06:00,9,Erps-Kwerps,0,06:36,06:37,0,0,0,0,0
2026-08-16,Brussels-South/Brussels-Midi,Leuven,S2 3755,06:00,10,Veltem,0,06:40,06:40,0,0,0,0,0
2026-08-16,Brussels-South/Brussels-Midi,Leuven,S2 3755,06:00,11,Herent,0,06:43,06:44,0,0,0,0,0
2026-08-16,Brussels-South/Brussels-Midi,Leuven,S2 3755,06:00,12,Leuven,1,06:49,06:49,0,0,0,0,0
2026-08-16,Brussels-South/Brussels-Midi,Leuven,IC 1505,06:36,0,Brussels-South/Brussels-Midi,1,06:31,06:36,0,0,0,0,0
2026-08-16,Brussels-South/Brussels-Midi,Leuven,IC 1505,06:36,1,Brussels-Central,1,06:40,06:41,0,0,0,0,0
2026-08-16,Brussels-South/Brussels-Midi,Leuven,IC 1505,06:36,2,Brussels-North,1,06:45,06:48,0,0,0,0,0
2026-08-16,Brussels-South/Brussels-Midi,Leuven,IC 1505,06:36,3,Leuven,1,07:04,07:07,0,0,0,0,0
2026-08-16,Brussels-South/Brussels-Midi,Leuven,IC 505,06:56,0,Brussels-South/Brussels-Midi,1,06:53,06:56,0,0,0,0,0
2026-08-16,Brussels-South/Brussels-Midi,Leuven,IC 505,06:56,1,Brussels-Central,1,07:00,07:01,0,0,0,0,0
2026-08-16,Brussels-South/Brussels-Midi,Leuven,IC 505,06:56,2,Brussels-North,1,07:05,07:07,0,0,0,0,0
2026-08-16,Brussels-South/Brussels-Midi,Leuven,IC 505,06:56,3,Leuven,1,07:23,07:26,0,0,0,0,0
2026-08-16,Brussels-South/Brussels-Midi,Leuven,IC 3604,07:11,0,Brussels-South/Brussels-Midi,1,07:07,07:11,0,0,0,0,0
2026-08-16,Brussels-South/Brussels-Midi,Leuven,IC 3604,07:11,1,Brussels-Central,1,07:15,07:16,0,0,0,0,0
2026-08-16,Brussels-South/Brussels-Midi,Leuven,IC 3604,07:11,2,Brussels-North,1,07:20,07:22,0,0,0,0,0
2026-08-16,Brussels-South/Brussels-Midi,Leuven,IC 3604,07:11,3,Leuven,1,07:41,07:41,0,0,0,0,0
2026-08-16,Brussels-South/Brussels-Midi,Leuven,IC 2805,07:13,0,Brussels-South/Brussels-Midi,1,07:13,07:13,0,0,0,0,0
2026-08-16,Brussels-South/Brussels-Midi,Leuven,IC 2805,07:13,1,Brussels-Central,1,07:17,07:18,0,0,0,0,0
2026-08-16,Brussels-South/Brussels-Midi,Leuven,IC 2805,07:13,2,Brussels-North,1,07:22,07:25,0,0,0,0,0
2026-08-16,Brussels-South/Brussels-Midi,Leuven,IC 2805,07:13,3,Brussels Airport - Zaventem,0,07:36,07:38,0,0,0,0,0
2026-08-16,Brussels-South/Brussels-Midi,Leuven,IC 2805,07:13,4,Leuven,1,07:51,07:56,0,0,0,0,0
2026-08-16,Brussels-South/Brussels-Midi,Leuven,IC 1506,07:36,0,Brussels-South/Brussels-Midi,1,07:31,07:36,0,0,0,0,0
2026-08-16,Brussels-South/Brussels-Midi,Leuven,IC 1506,07:36,1,Brussels-Central,1,07:40,07:41,0,0,0,0,0
2026-08-16,Brussels-South/Brussels-Midi,Leuven,IC 1506,07:36,2,Brussels-North,1,07:45,07:48,0,0,0,0,0
2026-08-16,Brussels-South/Brussels-Midi,Leuven,IC 1506,07:36,3,Leuven,1,08:04,08:07,0,0,0,0,0
2026-08-16,Brussels-South/Brussels-Midi,Leuven,IC 506,07:56,0,Brussels-South/Brussels-Midi,1,07:53,07:56,0,0,0,0,0
2026-08-16,Brussels-South/Brussels-Midi,Leuven,IC 506,07:56,1,Brussels-Central,1,08:00,08:01,0,0,0,0,0
2026-08-16,Brussels-South/Brussels-Midi,Leuven,IC 506,07:56,2,Brussels-North,1,08:05,08:07,0,0,0,0,0
2026-08-16,Brussels-South/Brussels-Midi,Leuven,IC 506,07:56,3,Leuven,1,08:23,08:26,0,0,0,0,0
2026-08-16,Brussels-South/Brussels-Midi,Leuven,IC 3605,08:11,0,Brussels-South/Brussels-Midi,1,08:07,08:11,0,0,0,0,0
2026-08-16,Brussels-South/Brussels-Midi,Leuven,IC 3605,08:11,1,Brussels-Central,1,08:15,08:16,0,0,0,0,0
2026-08-16,Brussels-South/Brussels-Midi,Leuven,IC 3605,08:11,2,Brussels-North,1,08:20,08:22,0,0,0,0,0
2026-08-16,Brussels-South/Brussels-Midi,Leuven,IC 3605,08:11,3,Leuven,1,08:41,08:41,0,0,0,0,0
2026-08-16,Brussels-South/Brussels-Midi,Leuven,IC 2806,08:13,0,Brussels-South/Brussels-Midi,1,08:10,08:13,0,0,0,0,0
2026-08-16,Brussels-South/Brussels-Midi,Leuven,IC 2806,08:13,1,Brussels-Central,1,08:17,08:18,0,0,0,0,0
2026-08-16,Brussels-South/Brussels-Midi,Leuven,IC 2806,08:13,2,Brussels-North,1,08:22,08:25,0,0,0,0,0
2026-08-16,Brussels-South/Brussels-Midi,Leuven,IC 2806,08:13,3,Brussels Airport - Zaventem,0,08:36,08:38,0,0,0,0,0
2026-08-16,Brussels-South/Brussels-Midi,Leuven,IC 2806,08:13,4,Leuven,1,08:51,08:56,0,0,0,0,0
2026-08-16,Brussels-South/Brussels-Midi,Leuven,IC 1507,08:36,0,Brussels-South/Brussels-Midi,1,08:31,08:36,0,0,0,0,0
2026-08-16,Brussels-South/Brussels-Midi,Leuven,IC 1507,08:36,1,Brussels-Central,1,08:40,08:41,0,0,0,0,0
2026-08-16,Brussels-South/Brussels-Midi,Leuven,IC 1507,08:36,2,Brussels-North,1,08:45,08:48,0,0,0,0,0
2026-08-16,Brussels-South/Brussels-Midi,Leuven,IC 1507,08:36,3,Leuven,1,09:04,09:07,0,0,0,0,0
2026-08-16,Brussels-South/Brussels-Midi,Leuven,IC 507,08:56,0,Brussels-South/Brussels-Midi,1,08:53,08:56,0,0,0,0,0
2026-08-16,Brussels-South/Brussels-Midi,Leuven,IC 507,08:56,1,Brussels-Central,1,09:00,09:01,0,0,0,0,0
2026-08-16,Brussels-South/Brussels-Midi,Leuven,IC 507,08:56,2,Brussels-North,1,09:05,09:07,0,0,0,0,0
2026-08-16,Brussels-South/Brussels-Midi,Leuven,IC 507,08:56,3,Leuven,1,09:23,09:26,0,0,0,0,0
2026-08-16,Brussels-South/Brussels-Midi,Leuven,T 18022,09:07,0,Brussels-South/Brussels-Midi,1,09:07,09:07,0,0,0,0,0
2026-08-16,Brussels-South/Brussels-Midi,Leuven,T 18022,09:07,1,Brussels-Central,1,09:11,09:12,0,0,0,0,0
2026-08-16,Brussels-South/Brussels-Midi,Leuven,T 18022,09:07,2,Brussels-North,1,09:16,09:18,0,0,0,0,0
2026-08-16,Brussels-South/Brussels-Midi,Leuven,T 18022,09:07,3,Leuven,1,09:35,09:37,0,0,0,0,0
2026-08-16,Brussels-South/Brussels-Midi,Leuven,IC 3606,09:11,0,Brussels-South/Brussels-Midi,1,09:07,09:11,0,0,0,0,0
2026-08-16,Brussels-South/Brussels-Midi,Leuven,IC 3606,09:11,1,Brussels-Central,1,09:15,09:16,0,0,0,0,0
2026-08-16,Brussels-South/Brussels-Midi,Leuven,IC 3606,09:11,2,Brussels-North,1,09:20,09:22,0,0,0,0,0
2026-08-16,Brussels-South/Brussels-Midi,Leuven,IC 3606,09:11,3,Leuven,1,09:41,09:41,0,0,0,0,0
2026-08-16,Brussels-South/Brussels-Midi,Leuven,IC 2807,09:13,0,Brussels-South/Brussels-Midi,1,09:10,09:13,0,0,0,0,0
2026-08-16,Brussels-South/Brussels-Midi,Leuven,IC 2807,09:13,1,Brussels-Central,1,09:17,09:18,0,0,0,0,0
2026-08-16,Brussels-South/Brussels-Midi,Leuven,IC 2807,09:13,2,Brussels-North,1,09:22,09:25,0,0,0,0,0
2026-08-16,Brussels-South/Brussels-Midi,Leuven,IC 2807,09:13,3,Brussels Airport - Zaventem,0,09:36,09:38,0,0,0,0,0
2026-08-16,Brussels-South/Brussels-Midi,Leuven,IC 2807,09:13,4,Leuven,1,09:51,09:56,0,0,0,0,0
2026-08-16,Brussels-South/Brussels-Midi,Leuven,IC 1508,09:36,0,Brussels-South/Brussels-Midi,1,09:31,09:36,0,0,0,0,0
2026-08-16,Brussels-South/Brussels-Midi,Leuven,IC 1508,09:36,1,Brussels-Central,1,09:40,09:41,0,0,0,0,0
2026-08-16,Brussels-South/Brussels-Midi,Leuven,IC 1508,09:36,2,Brussels-North,1,09:45,09:48,0,0,0,0,0
2026-08-16,Brussels-South/Brussels-Midi,Leuven,IC 1508,09:36,3,Leuven,1,10:04,10:07,0,0,0,0,0
2026-08-16,Brussels-South/Brussels-Midi,Leuven,IC 508,09:56,0,Brussels-South/Brussels-Midi,1,09:53,09:56,0,0,0,0,0
2026-08-16,Brussels-South/Brussels-Midi,Leuven,IC 508,09:56,1,Brussels-Central,1,10:00,10:01,0,0,0,0,0
2026-08-16,Brussels-South/Brussels-Midi,Leuven,IC 508,09:56,2,Brussels-North,1,10:05,10:07,0,0,0,0,0
2026-08-16,Brussels-South/Brussels-Midi,Leuven,IC 508,09:56,3,Leuven,1,10:23,10:26,0,0,0,0,0
2026-08-16,Brussels-South/Brussels-Midi,Leuven,T 18024,10:07,0,Brussels-South/Brussels-Midi,1,10:07,10:07,0,0,0,0,0
2026-08-16,Brussels-South/Brussels-Midi,Leuven,T 18024,10:07,1,Brussels-Central,1,10:11,10:12,0,0,0,0,0
2026-08-16,Brussels-South/Brussels-Midi,Leuven,T 18024,10:07,2,Brussels-North,1,10:16,10:18,0,0,0,0,0
2026-08-16,Brussels-South/Brussels-Midi,Leuven,T 18024,10:07,3,Leuven,1,10:35,10:37,0,0,0,0,0
2026-08-16,Brussels-South/Brussels-Midi,Leuven,IC 3607,10:11,0,Brussels-South/Brussels-Midi,1,10:07,10:11,0,0,0,0,0
2026-08-16,Brussels-South/Brussels-Midi,Leuven,IC 3607,10:11,1,Brussels-Central,1,10:15,10:16,0,0,0,0,0
2026-08-16,Brussels-South/Brussels-Midi,Leuven,IC 3607,10:11,2,Brussels-North,1,10:20,10:22,0,0,0,0,0
2026-08-16,Brussels-South/Brussels-Midi,Leuven,IC 3607,10:11,3,Leuven,1,10:41,10:41,0,0,0,0,0
2026-08-16,Brussels-South/Brussels-Midi,Leuven,IC 2808,10:13,0,Brussels-South/Brussels-Midi,1,10:10,10:13,0,0,0,0,0
2026-08-16,Brussels-South/Brussels-Midi,Leuven,IC 2808,10:13,1,Brussels-Central,1,10:17,10:18,0,0,0,0,0
2026-08-16,Brussels-South/Brussels-Midi,Leuven,IC 2808,10:13,2,Brussels-North,1,10:22,10:25,0,0,0,0,0
2026-08-16,Brussels-South/Brussels-Midi,Leuven,IC 2808,10:13,3,Brussels Airport - Zaventem,0,10:36,10:38,0,0,0,0,0
2026-08-16,Brussels-South/Brussels-Midi,Leuven,IC 2808,10:13,4,Leuven,1,10:51,10:56,0,0,0,0,0
2026-08-16,Brussels-South/Brussels-Midi,Leuven,IC 1509,10:36,0,Brussels-South/Brussels-Midi,1,10:31,10:36,0,0,0,0,0
2026-08-16,Brussels-South/Brussels-Midi,Leuven,IC 1509,10:36,1,Brussels-Central,1,10:40,10:41,0,0,0,0,0
2026-08-16,Brussels-South/Brussels-Midi,Leuven,IC 1509,10:36,2,Brussels-North,1,10:45,10:48,0,0,0,0,0
2026-08-16,Brussels-South/Brussels-Midi,Leuven,IC 1509,10:36,3,Leuven,1,11:04,11:07,0,0,0,0,0
2026-08-16,Brussels-South/Brussels-Midi,Leuven,IC 509,10:56,0,Brussels-South/Brussels-Midi,1,10:53,10:56,0,0,0,0,0
2026-08-16,Brussels-South/Brussels-Midi,Leuven,IC 509,10:56,1,Brussels-Central,1,11:00,11:01,0,0,0,0,0
2026-08-16,Brussels-South/Brussels-Midi,Leuven,IC 509,10:56,2,Brussels-North,1,11:05,11:07,0,0,0,0,0
2026-08-16,Brussels-South/Brussels-Midi,Leuven,IC 509,10:56,3,Leuven,1,11:23,11:26,0,0,0,0,0
2026-08-16,Brussels-South/Brussels-Midi,Leuven,IC 3608,11:11,0,Brussels-South/Brussels-Midi,1,11:07,11:11,0,0,0,0,0
2026-08-16,Brussels-South/Brussels-Midi,Leuven,IC 3608,11:11,1,Brussels-Central,1,11:15,11:16,0,0,0,0,0
2026-08-16,Brussels-South/Brussels-Midi,Leuven,IC 3608,11:11,2,Brussels-North,1,11:20,11:22,0,0,0,0,0
2026-08-16,Brussels-South/Brussels-Midi,Leuven,IC 3608,11:11,3,Leuven,1,11:41,11:41,0,0,0,0,0
2026-08-16,Brussels-South/Brussels-Midi,Leuven,IC 2809,11:13,0,Brussels-South/Brussels-Midi,1,11:10,11:13,0,0,0,0,0
2026-08-16,Brussels-South/Brussels-Midi,Leuven,IC 2809,11:13,1,Brussels-Central,1,11:17,11:18,0,0,0,0,0
2026-08-16,Brussels-South/Brussels-Midi,Leuven,IC 2809,11:13,2,Brussels-North,1,11:22,11:25,0,0,0,0,0
2026-08-16,Brussels-South/Brussels-Midi,Leuven,IC 2809,11:13,3,Brussels Airport - Zaventem,0,11:36,11:38,0,0,0,0,0
2026-08-16,Brussels-South/Brussels-Midi,Leuven,IC 2809,11:13,4,Leuven,1,11:51,11:56,0,0,0,0,0
2026-08-16,Brussels-South/Brussels-Midi,Leuven,IC 1510,11:36,0,Brussels-South/Brussels-Midi,1,11:31,11:36,0,0,0,0,0
2026-08-16,Brussels-South/Brussels-Midi,Leuven,IC 1510,11:36,1,Brussels-Central,1,11:40,11:41,0,0,0,0,0
2026-08-16,Brussels-South/Brussels-Midi,Leuven,IC 1510,11:36,2,Brussels-North,1,11:45,11:48,0,0,0,0,0
2026-08-16,Brussels-South/Brussels-Midi,Leuven,IC 1510,11:36,3,Leuven,1,12:04,12:07,0,0,0,0,0
2026-08-16,Brussels-South/Brussels-Midi,Leuven,IC 510,11:56,0,Brussels-South/Brussels-Midi,1,11:53,11:56,0,0,0,0,0
2026-08-16,Brussels-South/Brussels-Midi,Leuven,IC 510,11:56,1,Brussels-Central,1,12:00,12:01,0,0,0,0,0
2026-08-16,Brussels-South/Brussels-Midi,Leuven,IC 510,11:56,2,Brussels-North,1,12:05,12:09,0,0,0,0,0
2026-08-16,Brussels-South/Brussels-Midi,Leuven,IC 510,11:56,3,Leuven,1,12:24,12:26,0,0,0,0,0
2026-08-16,Brussels-South/Brussels-Midi,Leuven,IC 3609,12:11,0,Brussels-South/Brussels-Midi,1,12:07,12:11,0,0,0,0,0
2026-08-16,Brussels-South/Brussels-Midi,Leuven,IC 3609,12:11,1,Brussels-Central,1,12:15,12:16,0,0,0,0,0
2026-08-16,Brussels-South/Brussels-Midi,Leuven,IC 3609,12:11,2,Brussels-North,1,12:20,12:22,0,0,0,0,0
2026-08-16,Brussels-South/Brussels-Midi,Leuven,IC 3609,12:11,3,Leuven,1,12:41,12:41,0,0,0,0,0
2026-08-16,Brussels-South/Brussels-Midi,Leuven,IC 2810,12:13,0,Brussels-South/Brussels-Midi,1,12:10,12:13,0,0,0,0,0
2026-08-16,Brussels-South/Brussels-Midi,Leuven,IC 2810,12:13,1,Brussels-Central,1,12:17,12:18,0,0,0,0,0
2026-08-16,Brussels-South/Brussels-Midi,Leuven,IC 2810,12:13,2,Brussels-North,1,12:22,12:25,0,0,0,0,0
2026-08-16,Brussels-South/Brussels-Midi,Leuven,IC 2810,12:13,3,Brussels Airport - Zaventem,0,12:36,12:38,0,0,0,0,0
2026-08-16,Brussels-South/Brussels-Midi,Leuven,IC 2810,12:13,4,Leuven,1,12:51,12:56,0,0,0,0,0
2026-08-16,Brussels-South/Brussels-Midi,Leuven,IC 1511,12:36,0,Brussels-South/Brussels-Midi,1,12:31,12:36,0,0,0,0,0
2026-08-16,Brussels-South/Brussels-Midi,Leuven,IC 1511,12:36,1,Brussels-Central,1,12:40,12:41,0,0,0,0,0
2026-08-16,Brussels-South/Brussels-Midi,Leuven,IC 1511,12:36,2,Brussels-North,1,12:45,12:48,0,0,0,0,0
2026-08-16,Brussels-South/Brussels-Midi,Leuven,IC 1511,12:36,3,Leuven,1,13:04,13:07,0,0,0,0,0
2026-08-16,Brussels-South/Brussels-Midi,Leuven,IC 511,12:56,0,Brussels-South/Brussels-Midi,1,12:53,12:56,0,0,0,0,0
2026-08-16,Brussels-South/Brussels-Midi,Leuven,IC 511,12:56,1,Brussels-Central,1,13:00,13:01,0,0,0,0,0
2026-08-16,Brussels-South/Brussels-Midi,Leuven,IC 511,12:56,2,Brussels-North,1,13:05,13:07,0,0,0,0,0
2026-08-16,Brussels-South/Brussels-Midi,Leuven,IC 511,12:56,3,Leuven,1,13:23,13:26,0,0,0,0,0
2026-08-16,Brussels-South/Brussels-Midi,Leuven,IC 3610,13:11,0,Brussels-South/Brussels-Midi,1,13:07,13:11,0,0,0,0,0
2026-08-16,Brussels-South/Brussels-Midi,Leuven,IC 3610,13:11,1,Brussels-Central,1,13:15,13:16,0,0,0,0,0
2026-08-16,Brussels-South/Brussels-Midi,Leuven,IC 3610,13:11,2,Brussels-North,1,13:20,13:22,0,0,0,0,0
2026-08-16,Brussels-South/Brussels-Midi,Leuven,IC 3610,13:11,3,Leuven,1,13:41,13:41,0,0,0,0,0
2026-08-16,Brussels-South/Brussels-Midi,Leuven,IC 2811,13:13,0,Brussels-South/Brussels-Midi,1,13:10,13:13,0,0,0,0,0
2026-08-16,Brussels-South/Brussels-Midi,Leuven,IC 2811,13:13,1,Brussels-Central,1,13:17,13:18,0,0,0,0,0
2026-08-16,Brussels-South/Brussels-Midi,Leuven,IC 2811,13:13,2,Brussels-North,1,13:22,13:25,0,0,0,0,0
2026-08-16,Brussels-South/Brussels-Midi,Leuven,IC 2811,13:13,3,Brussels Airport - Zaventem,0,13:36,13:38,0,0,0,0,0
2026-08-16,Brussels-South/Brussels-Midi,Leuven,IC 2811,13:13,4,Leuven,1,13:51,13:56,0,0,0,0,0
2026-08-16,Brussels-South/Brussels-Midi,Leuven,IC 1512,13:36,0,Brussels-South/Brussels-Midi,1,13:31,13:36,0,0,0,0,0
2026-08-16,Brussels-South/Brussels-Midi,Leuven,IC 1512,13:36,1,Brussels-Central,1,13:40,13:41,0,0,0,0,0
2026-08-16,Brussels-South/Brussels-Midi,Leuven,IC 1512,13:36,2,Brussels-North,1,13:45,13:48,0,0,0,0,0
2026-08-16,Brussels-South/Brussels-Midi,Leuven,IC 1512,13:36,3,Leuven,1,14:04,14:07,0,0,0,0,0
2026-08-16,Brussels-South/Brussels-Midi,Leuven,IC 512,13:56,0,Brussels-South/Brussels-Midi,1,13:53,13:56,0,0,0,0,0
2026-08-16,Brussels-South/Brussels-Midi,Leuven,IC 512,13:56,1,Brussels-Central,1,14:00,14:01,0,0,0,0,0
2026-08-16,Brussels-South/Brussels-Midi,Leuven,IC 512,13:56,2,Brussels-North,1,14:05,14:07,0,0,0,0,0
2026-08-16,Brussels-South/Brussels-Midi,Leuven,IC 512,13:56,3,Leuven,1,14:23,14:26,0,0,0,0,0
2026-08-16,Brussels-South/Brussels-Midi,Leuven,IC 3611,14:11,0,Brussels-South/Brussels-Midi,1,14:07,14:11,0,0,0,0,0
2026-08-16,Brussels-South/Brussels-Midi,Leuven,IC 3611,14:11,1,Brussels-Central,1,14:15,14:16,0,0,0,0,0
2026-08-16,Brussels-South/Brussels-Midi,Leuven,IC 3611,14:11,2,Brussels-North,1,14:20,14:22,0,0,0,0,0
2026-08-16,Brussels-South/Brussels-Midi,Leuven,IC 3611,14:11,3,Leuven,1,14:41,14:41,0,0,0,0,0
2026-08-16,Brussels-South/Brussels-Midi,Leuven,IC 2812,14:13,0,Brussels-South/Brussels-Midi,1,14:10,14:13,0,0,0,0,0
2026-08-16,Brussels-South/Brussels-Midi,Leuven,IC 2812,14:13,1,Brussels-Central,1,14:17,14:18,0,0,0,0,0
2026-08-16,Brussels-South/Brussels-Midi,Leuven,IC 2812,14:13,2,Brussels-North,1,14:22,14:25,0,0,0,0,0
2026-08-16,Brussels-South/Brussels-Midi,Leuven,IC 2812,14:13,3,Brussels Airport - Zaventem,0,14:36,14:38,0,0,0,0,0
2026-08-16,Brussels-South/Brussels-Midi,Leuven,IC 2812,14:13,4,Leuven,1,14:51,14:56,0,0,0,0,0
2026-08-16,Brussels-South/Brussels-Midi,Leuven,IC 1513,14:36,0,Brussels-South/Brussels-Midi,1,14:31,14:36,0,0,0,0,0
2026-08-16,Brussels-South/Brussels-Midi,Leuven,IC 1513,14:36,1,Brussels-Central,1,14:40,14:41,0,0,0,0,0
2026-08-16,Brussels-South/Brussels-Midi,Leuven,IC 1513,14:36,2,Brussels-North,1,14:45,14:48,0,0,0,0,0
2026-08-16,Brussels-South/Brussels-Midi,Leuven,IC 1513,14:36,3,Leuven,1,15:04,15:07,0,0,0,0,0
2026-08-16,Brussels-South/Brussels-Midi,Leuven,IC 513,14:56,0,Brussels-South/Brussels-Midi,1,14:53,14:56,0,0,0,0,0
2026-08-16,Brussels-South/Brussels-Midi,Leuven,IC 513,14:56,1,Brussels-Central,1,15:00,15:01,0,0,0,0,0
2026-08-16,Brussels-South/Brussels-Midi,Leuven,IC 513,14:56,2,Brussels-North,1,15:05,15:07,0,0,0,0,0
2026-08-16,Brussels-South/Brussels-Midi,Leuven,IC 513,14:56,3,Leuven,1,15:23,15:26,0,0,0,0,0
2026-08-16,Brussels-South/Brussels-Midi,Leuven,IC 3612,15:11,0,Brussels-South/Brussels-Midi,1,15:07,15:11,0,0,0,0,0
2026-08-16,Brussels-South/Brussels-Midi,Leuven,IC 3612,15:11,1,Brussels-Central,1,15:15,15:16,0,0,0,0,0
2026-08-16,Brussels-South/Brussels-Midi,Leuven,IC 3612,15:11,2,Brussels-North,1,15:20,15:22,0,0,0,0,0
2026-08-16,Brussels-South/Brussels-Midi,Leuven,IC 3612,15:11,3,Leuven,1,15:41,15:41,0,0,0,0,0
2026-08-16,Brussels-South/Brussels-Midi,Leuven,IC 2813,15:13,0,Brussels-South/Brussels-Midi,1,15:10,15:13,0,0,0,0,0
2026-08-16,Brussels-South/Brussels-Midi,Leuven,IC 2813,15:13,1,Brussels-Central,1,15:17,15:18,0,0,0,0,0
2026-08-16,Brussels-South/Brussels-Midi,Leuven,IC 2813,15:13,2,Brussels-North,1,15:22,15:25,0,0,0,0,0
2026-08-16,Brussels-South/Brussels-Midi,Leuven,IC 2813,15:13,3,Brussels Airport - Zaventem,0,15:36,15:38,0,0,0,0,0
2026-08-16,Brussels-South/Brussels-Midi,Leuven,IC 2813,15:13,4,Leuven,1,15:51,15:56,0,0,0,0,0
2026-08-16,Brussels-South/Brussels-Midi,Leuven,IC 1514,15:36,0,Brussels-South/Brussels-Midi,1,15:31,15:36,0,0,0,0,0
2026-08-16,Brussels-South/Brussels-Midi,Leuven,IC 1514,15:36,1,Brussels-Central,1,15:40,15:41,0,0,0,0,0
2026-08-16,Brussels-South/Brussels-Midi,Leuven,IC 1514,15:36,2,Brussels-North,1,15:45,15:48,0,0,0,0,0
2026-08-16,Brussels-South/Brussels-Midi,Leuven,IC 1514,15:36,3,Leuven,1,16:04,16:07,0,0,0,0,0
2026-08-16,Brussels-South/Brussels-Midi,Leuven,IC 514,15:56,0,Brussels-South/Brussels-Midi,1,15:53,15:56,0,0,0,0,0
2026-08-16,Brussels-South/Brussels-Midi,Leuven,IC 514,15:56,1,Brussels-Central,1,16:00,16:01,0,0,0,0,0
2026-08-16,Brussels-South/Brussels-Midi,Leuven,IC 514,15:56,2,Brussels-North,1,16:05,16:07,0,0,0,0,0
2026-08-16,Brussels-South/Brussels-Midi,Leuven,IC 514,15:56,3,Leuven,1,16:23,16:26,0,0,0,0,0
2026-08-16,Brussels-South/Brussels-Midi,Leuven,IC 3613,16:11,0,Brussels-South/Brussels-Midi,1,16:07,16:11,0,0,0,0,0
2026-08-16,Brussels-South/Brussels-Midi,Leuven,IC 3613,16:11,1,Brussels-Central,1,16:15,16:16,0,0,0,0,0
2026-08-16,Brussels-South/Brussels-Midi,Leuven,IC 3613,16:11,2,Brussels-North,1,16:20,16:22,0,0,0,0,0
2026-08-16,Brussels-South/Brussels-Midi,Leuven,IC 3613,16:11,3,Leuven,1,16:41,16:41,0,0,0,0,0
2026-08-16,Brussels-South/Brussels-Midi,Leuven,IC 2814,16:13,0,Brussels-South/Brussels-Midi,1,16:10,16:13,0,0,0,0,0
2026-08-16,Brussels-South/Brussels-Midi,Leuven,IC 2814,16:13,1,Brussels-Central,1,16:17,16:18,0,0,0,0,0
2026-08-16,Brussels-South/Brussels-Midi,Leuven,IC 2814,16:13,2,Brussels-North,1,16:22,16:25,0,0,0,0,0
2026-08-16,Brussels-South/Brussels-Midi,Leuven,IC 2814,16:13,3,Brussels Airport - Zaventem,0,16:36,16:38,0,0,0,0,0
2026-08-16,Brussels-South/Brussels-Midi,Leuven,IC 2814,16:13,4,Leuven,1,16:51,16:56,0,0,0,0,0
2026-08-16,Brussels-South/Brussels-Midi,Leuven,IC 1515,16:36,0,Brussels-South/Brussels-Midi,1,16:31,16:36,0,0,0,0,0
2026-08-16,Brussels-South/Brussels-Midi,Leuven,IC 1515,16:36,1,Brussels-Central,1,16:40,16:41,0,0,0,0,0
2026-08-16,Brussels-South/Brussels-Midi,Leuven,IC 1515,16:36,2,Brussels-North,1,16:45,16:48,0,0,0,0,0
2026-08-16,Brussels-South/Brussels-Midi,Leuven,IC 1515,16:36,3,Leuven,1,17:04,17:07,0,0,0,0,0
2026-08-16,Brussels-South/Brussels-Midi,Leuven,IC 515,16:56,0,Brussels-South/Brussels-Midi,1,16:53,16:56,0,0,0,0,0
2026-08-16,Brussels-South/Brussels-Midi,Leuven,IC 515,16:56,1,Brussels-Central,1,17:00,17:01,0,0,0,0,0
2026-08-16,Brussels-South/Brussels-Midi,Leuven,IC 515,16:56,2,Brussels-North,1,17:05,17:07,0,0,0,0,0
2026-08-16,Brussels-South/Brussels-Midi,Leuven,IC 515,16:56,3,Leuven,1,17:23,17:26,0,0,0,0,0
2026-08-16,Brussels-South/Brussels-Midi,Leuven,IC 3614,17:11,0,Brussels-South/Brussels-Midi,1,17:07,17:11,0,0,0,0,0
2026-08-16,Brussels-South/Brussels-Midi,Leuven,IC 3614,17:11,1,Brussels-Central,1,17:15,17:16,0,0,0,0,0
2026-08-16,Brussels-South/Brussels-Midi,Leuven,IC 3614,17:11,2,Brussels-North,1,17:20,17:22,0,0,0,0,0
2026-08-16,Brussels-South/Brussels-Midi,Leuven,IC 3614,17:11,3,Leuven,1,17:41,17:41,0,0,0,0,0
2026-08-16,Brussels-South/Brussels-Midi,Leuven,IC 2815,17:13,0,Brussels-South/Brussels-Midi,1,17:10,17:13,0,0,0,0,0
2026-08-16,Brussels-South/Brussels-Midi,Leuven,IC 2815,17:13,1,Brussels-Central,1,17:17,17:18,0,0,0,0,0
2026-08-16,Brussels-South/Brussels-Midi,Leuven,IC 2815,17:13,2,Brussels-North,1,17:22,17:25,0,0,0,0,0
2026-08-16,Brussels-South/Brussels-Midi,Leuven,IC 2815,17:13,3,Brussels Airport - Zaventem,0,17:36,17:38,0,0,0,0,0
2026-08-16,Brussels-South/Brussels-Midi,Leuven,IC 2815,17:13,4,Leuven,1,17:51,17:56,0,0,0,0,0
2026-08-16,Brussels-South/Brussels-Midi,Leuven,IC 1516,17:36,0,Brussels-South/Brussels-Midi,1,17:31,17:36,0,0,0,0,0
2026-08-16,Brussels-South/Brussels-Midi,Leuven,IC 1516,17:36,1,Brussels-Central,1,17:40,17:41,0,0,0,0,0
2026-08-16,Brussels-South/Brussels-Midi,Leuven,IC 1516,17:36,2,Brussels-North,1,17:45,17:48,0,0,0,0,0
2026-08-16,Brussels-South/Brussels-Midi,Leuven,IC 1516,17:36,3,Leuven,1,18:04,18:07,0,0,0,0,0
2026-08-16,Brussels-South/Brussels-Midi,Leuven,IC 516,17:56,0,Brussels-South/Brussels-Midi,1,17:53,17:56,0,0,0,0,0
2026-08-16,Brussels-South/Brussels-Midi,Leuven,IC 516,17:56,1,Brussels-Central,1,18:00,18:01,0,0,0,0,0
2026-08-16,Brussels-South/Brussels-Midi,Leuven,IC 516,17:56,2,Brussels-North,1,18:05,18:07,0,0,0,0,0
2026-08-16,Brussels-South/Brussels-Midi,Leuven,IC 516,17:56,3,Leuven,1,18:23,18:26,0,0,0,0,0
2026-08-16,Brussels-South/Brussels-Midi,Leuven,IC 3615,18:11,0,Brussels-South/Brussels-Midi,1,18:07,18:11,0,0,0,0,0
2026-08-16,Brussels-South/Brussels-Midi,Leuven,IC 3615,18:11,1,Brussels-Central,1,18:15,18:16,0,0,0,0,0
2026-08-16,Brussels-South/Brussels-Midi,Leuven,IC 3615,18:11,2,Brussels-North,1,18:20,18:22,0,0,0,0,0
2026-08-16,Brussels-South/Brussels-Midi,Leuven,IC 3615,18:11,3,Leuven,1,18:41,18:41,0,0,0,0,0
2026-08-16,Brussels-South/Brussels-Midi,Leuven,IC 2816,18:13,0,Brussels-South/Brussels-Midi,1,18:10,18:13,0,0,0,0,0
2026-08-16,Brussels-South/Brussels-Midi,Leuven,IC 2816,18:13,1,Brussels-Central,1,18:17,18:18,0,0,0,0,0
2026-08-16,Brussels-South/Brussels-Midi,Leuven,IC 2816,18:13,2,Brussels-North,1,18:22,18:25,0,0,0,0,0
2026-08-16,Brussels-South/Brussels-Midi,Leuven,IC 2816,18:13,3,Brussels Airport - Zaventem,0,18:36,18:38,0,0,0,0,0
2026-08-16,Brussels-South/Brussels-Midi,Leuven,IC 2816,18:13,4,Leuven,1,18:51,18:56,0,0,0,0,0
2026-08-16,Brussels-South/Brussels-Midi,Leuven,IC 1517,18:36,0,Brussels-South/Brussels-Midi,1,18:31,18:36,0,0,0,0,0
2026-08-16,Brussels-South/Brussels-Midi,Leuven,IC 1517,18:36,1,Brussels-Central,1,18:40,18:41,0,0,0,0,0
2026-08-16,Brussels-South/Brussels-Midi,Leuven,IC 1517,18:36,2,Brussels-North,1,18:45,18:48,0,0,0,0,0
2026-08-16,Brussels-South/Brussels-Midi,Leuven,IC 1517,18:36,3,Leuven,1,19:04,19:07,0,0,0,0,0
2026-08-16,Brussels-South/Brussels-Midi,Leuven,IC 517,18:55,0,Brussels-South/Brussels-Midi,1,18:52,18:55,0,0,0,0,0
2026-08-16,Brussels-South/Brussels-Midi,Leuven,IC 517,18:55,1,Brussels-Central,1,18:59,19:00,0,0,0,0,0
2026-08-16,Brussels-South/Brussels-Midi,Leuven,IC 517,18:55,2,Brussels-North,1,19:04,19:07,0,0,0,0,0
2026-08-16,Brussels-South/Brussels-Midi,Leuven,IC 517,18:55,3,Leuven,1,19:23,19:26,0,0,0,0,0
2026-08-16,Brussels-South/Brussels-Midi,Leuven,IC 3616,19:11,0,Brussels-South/Brussels-Midi,1,19:07,19:11,0,0,0,0,0
2026-08-16,Brussels-South/Brussels-Midi,Leuven,IC 3616,19:11,1,Brussels-Central,1,19:15,19:16,0,0,0,0,0
2026-08-16,Brussels-South/Brussels-Midi,Leuven,IC 3616,19:11,2,Brussels-North,1,19:20,19:22,0,0,0,0,0
2026-08-16,Brussels-South/Brussels-Midi,Leuven,IC 3616,19:11,3,Leuven,1,19:41,19:41,0,0,0,0,0
2026-08-16,Brussels-South/Brussels-Midi,Leuven,IC 2817,19:13,0,Brussels-South/Brussels-Midi,1,19:10,19:13,0,0,0,0,0
2026-08-16,Brussels-South/Brussels-Midi,Leuven,IC 2817,19:13,1,Brussels-Central,1,19:17,19:18,0,0,0,0,0
2026-08-16,Brussels-South/Brussels-Midi,Leuven,IC 2817,19:13,2,Brussels-North,1,19:22,19:25,0,0,0,0,0
2026-08-16,Brussels-South/Brussels-Midi,Leuven,IC 2817,19:13,3,Brussels Airport - Zaventem,0,19:36,19:38,0,0,0,0,0
2026-08-16,Brussels-South/Brussels-Midi,Leuven,IC 2817,19:13,4,Leuven,1,19:51,19:56,0,0,0,0,0
2026-08-16,Brussels-South/Brussels-Midi,Leuven,IC 1518,19:36,0,Brussels-South/Brussels-Midi,1,19:31,19:36,0,0,0,0,0
2026-08-16,Brussels-South/Brussels-Midi,Leuven,IC 1518,19:36,1,Brussels-Central,1,19:40,19:41,0,0,0,0,0
2026-08-16,Brussels-South/Brussels-Midi,Leuven,IC 1518,19:36,2,Brussels-North,1,19:45,19:48,0,0,0,0,0
2026-08-16,Brussels-South/Brussels-Midi,Leuven,IC 1518,19:36,3,Leuven,1,20:04,20:07,0,0,0,0,0
2026-08-16,Brussels-South/Brussels-Midi,Leuven,IC 518,19:55,0,Brussels-South/Brussels-Midi,1,19:52,19:55,0,0,0,0,0
2026-08-16,Brussels-South/Brussels-Midi,Leuven,IC 518,19:55,1,Brussels-Central,1,19:59,20:00,0,0,0,0,0
2026-08-16,Brussels-South/Brussels-Midi,Leuven,IC 518,19:55,2,Brussels-North,1,20:04,20:07,0,0,0,0,0
2026-08-16,Brussels-South/Brussels-Midi,Leuven,IC 518,19:55,3,Leuven,1,20:23,20:26,0,0,0,0,0
2026-08-16,Brussels-South/Brussels-Midi,Leuven,IC 3617,20:11,0,Brussels-South/Brussels-Midi,1,20:07,20:11,0,0,0,0,0
2026-08-16,Brussels-South/Brussels-Midi,Leuven,IC 3617,20:11,1,Brussels-Central,1,20:15,20:16,0,0,0,0,0
2026-08-16,Brussels-South/Brussels-Midi,Leuven,IC 3617,20:11,2,Brussels-North,1,20:20,20:22,0,0,0,0,0
2026-08-16,Brussels-South/Brussels-Midi,Leuven,IC 3617,20:11,3,Leuven,1,20:41,20:41,0,0,0,0,0
2026-08-16,Brussels-South/Brussels-Midi,Leuven,IC 2818,20:13,0,Brussels-South/Brussels-Midi,1,20:10,20:13,0,0,0,0,0
2026-08-16,Brussels-South/Brussels-Midi,Leuven,IC 2818,20:13,1,Brussels-Central,1,20:17,20:18,0,0,0,0,0
2026-08-16,Brussels-South/Brussels-Midi,Leuven,IC 2818,20:13,2,Brussels-North,1,20:22,20:25,0,0,0,0,0
2026-08-16,Brussels-South/Brussels-Midi,Leuven,IC 2818,20:13,3,Brussels Airport - Zaventem,0,20:36,20:38,0,0,0,0,0
2026-08-16,Brussels-South/Brussels-Midi,Leuven,IC 2818,20:13,4,Leuven,1,20:51,20:56,0,0,0,0,0
2026-08-16,Brussels-South/Brussels-Midi,Leuven,IC 1519,20:36,0,Brussels-South/Brussels-Midi,1,20:31,20:36,0,0,0,0,0
2026-08-16,Brussels-South/Brussels-Midi,Leuven,IC 1519,20:36,1,Brussels-Central,1,20:40,20:41,0,0,0,0,0
2026-08-16,Brussels-South/Brussels-Midi,Leuven,IC 1519,20:36,2,Brussels-North,1,20:45,20:48,0,0,0,0,0
2026-08-16,Brussels-South/Brussels-Midi,Leuven,IC 1519,20:36,3,Leuven,1,21:04,21:07,0,0,0,0,0
2026-08-16,Brussels-South/Brussels-Midi,Leuven,IC 519,20:56,0,Brussels-South/Brussels-Midi,1,20:53,20:56,0,0,0,0,0
2026-08-16,Brussels-South/Brussels-Midi,Leuven,IC 519,20:56,1,Brussels-Central,1,21:00,21:01,0,0,0,0,0
2026-08-16,Brussels-South/Brussels-Midi,Leuven,IC 519,20:56,2,Brussels-North,1,21:05,21:07,0,0,0,0,0
2026-08-16,Brussels-South/Brussels-Midi,Leuven,IC 519,20:56,3,Leuven,1,21:23,21:26,0,0,0,0,0
2026-08-16,Brussels-South/Brussels-Midi,Leuven,IC 3618,21:11,0,Brussels-South/Brussels-Midi,1,21:07,21:11,0,0,0,0,0
2026-08-16,Brussels-South/Brussels-Midi,Leuven,IC 3618,21:11,1,Brussels-Central,1,21:15,21:16,0,0,0,0,0
2026-08-16,Brussels-South/Brussels-Midi,Leuven,IC 3618,21:11,2,Brussels-North,1,21:20,21:22,0,0,0,0,0
2026-08-16,Brussels-South/Brussels-Midi,Leuven,IC 3618,21:11,3,Leuven,1,21:41,21:41,0,0,0,0,0
2026-08-16,Brussels-South/Brussels-Midi,Leuven,IC 2819,21:13,0,Brussels-South/Brussels-Midi,1,21:10,21:13,0,0,0,0,0
2026-08-16,Brussels-South/Brussels-Midi,Leuven,IC 2819,21:13,1,Brussels-Central,1,21:17,21:18,0,0,0,0,0
2026-08-16,Brussels-South/Brussels-Midi,Leuven,IC 2819,21:13,2,Brussels-North,1,21:22,21:25,0,0,0,0,0
2026-08-16,Brussels-South/Brussels-Midi,Leuven,IC 2819,21:13,3,Brussels Airport - Zaventem,0,21:36,21:38,0,0,0,0,0
2026-08-16,Brussels-South/Brussels-Midi,Leuven,IC 2819,21:13,4,Leuven,1,21:51,21:56,0,0,0,0,0
2026-08-16,Brussels-South/Brussels-Midi,Leuven,IC 1520,21:36,0,Brussels-South/Brussels-Midi,1,21:31,21:36,0,0,0,0,0
2026-08-16,Brussels-South/Brussels-Midi,Leuven,IC 1520,21:36,1,Brussels-Central,1,21:40,21:41,0,0,0,0,0
2026-08-16,Brussels-South/Brussels-Midi,Leuven,IC 1520,21:36,2,Brussels-North,1,21:45,21:48,0,0,0,0,0
2026-08-16,Brussels-South/Brussels-Midi,Leuven,IC 1520,21:36,3,Leuven,1,22:04,22:07,0,0,0,0,0
2026-08-16,Brussels-South/Brussels-Midi,Leuven,IC 520,21:56,0,Brussels-South/Brussels-Midi,1,21:53,21:56,0,0,0,0,0
2026-08-16,Brussels-South/Brussels-Midi,Leuven,IC 520,21:56,1,Brussels-Central,1,22:00,22:01,0,0,0,0,0
2026-08-16,Brussels-South/Brussels-Midi,Leuven,IC 520,21:56,2,Brussels-North,1,22:05,22:07,0,0,0,0,0
2026-08-16,Brussels-South/Brussels-Midi,Leuven,IC 520,21:56,3,Leuven,1,22:23,22:26,0,0,0,0,0
2026-08-16,Brussels-South/Brussels-Midi,Leuven,IC 3619,22:11,0,Brussels-South/Brussels-Midi,1,22:07,22:11,0,0,0,0,0
2026-08-16,Brussels-South/Brussels-Midi,Leuven,IC 3619,22:11,1,Brussels-Central,1,22:15,22:16,0,0,0,0,0
2026-08-16,Brussels-South/Brussels-Midi,Leuven,IC 3619,22:11,2,Brussels-North,1,22:20,22:22,0,0,0,0,0
2026-08-16,Brussels-South/Brussels-Midi,Leuven,IC 3619,22:11,3,Leuven,1,22:41,22:41,0,0,0,0,0
2026-08-16,Brussels-South/Brussels-Midi,Leuven,IC 2820,22:13,0,Brussels-South/Brussels-Midi,1,22:10,22:13,0,0,0,0,0
2026-08-16,Brussels-South/Brussels-Midi,Leuven,IC 2820,22:13,1,Brussels-Central,1,22:17,22:18,0,0,0,0,0
2026-08-16,Brussels-South/Brussels-Midi,Leuven,IC 2820,22:13,2,Brussels-North,1,22:22,22:25,0,0,0,0,0
2026-08-16,Brussels-South/Brussels-Midi,Leuven,IC 2820,22:13,3,Brussels Airport - Zaventem,0,22:36,22:38,0,0,0,0,0
2026-08-16,Brussels-South/Brussels-Midi,Leuven,IC 2820,22:13,4,Leuven,1,22:51,22:57,0,0,0,0,0
2026-08-16,Brussels-South/Brussels-Midi,Leuven,IC 1521,22:36,0,Brussels-South/Brussels-Midi,1,22:31,22:36,0,0,0,0,0
2026-08-16,Brussels-South/Brussels-Midi,Leuven,IC 1521,22:36,1,Brussels-Central,1,22:40,22:41,0,0,0,0,0
2026-08-16,Brussels-South/Brussels-Midi,Leuven,IC 1521,22:36,2,Brussels-North,1,22:45,22:48,0,0,0,0,0
2026-08-16,Brussels-South/Brussels-Midi,Leuven,IC 1521,22:36,3,Leuven,1,23:04,23:07,0,0,0,0,0
2026-08-16,Brussels-South/Brussels-Midi,Leuven,IC 521,22:56,0,Brussels-South/Brussels-Midi,1,22:53,22:56,0,0,0,0,0
2026-08-16,Brussels-South/Brussels-Midi,Leuven,IC 521,22:56,1,Brussels-Central,1,23:00,23:01,0,0,0,0,0
2026-08-16,Brussels-South/Brussels-Midi,Leuven,IC 521,22:56,2,Brussels-North,1,23:05,23:07,0,0,0,0,0
2026-08-16,Brussels-South/Brussels-Midi,Leuven,IC 521,22:56,3,Leuven,1,23:22,23:27,0,0,0,0,0
2026-08-16,Brussels-South/Brussels-Midi,Leuven,IC 3620,23:11,0,Brussels-South/Brussels-Midi,1,23:07,23:11,0,0,0,0,0
2026-08-16,Brussels-South/Brussels-Midi,Leuven,IC 3620,23:11,1,Brussels-Central,1,23:15,23:16,0,0,0,0,0
2026-08-16,Brussels-South/Brussels-Midi,Leuven,IC 3620,23:11,2,Brussels-North,1,23:20,23:24,0,0,0,0,0
2026-08-16,Brussels-South/Brussels-Midi,Leuven,IC 3620,23:11,3,Leuven,1,23:41,23:41,0,0,0,0,0
2026-08-16,Halle,Brussels-North,IC 3405,06:22,0,Halle,1,06:20,06:22,0,0,0,0,0
2026-08-16,Halle,Brussels-North,IC 3405,06:22,1,Brussels-South/Brussels-Midi,1,06:34,06:37,0,0,0,0,0
2026-08-16,Halle,Brussels-North,IC 3405,06:22,2,Brussels-Central,1,06:41,06:42,0,0,0,0,0
2026-08-16,Halle,Brussels-North,IC 3405,06:22,3,Brussels-North,1,06:46,06:48,0,0,0,0,0
2026-08-16,Halle,Brussels-North,IC 10306,07:10,0,Halle,1,07:08,07:10,1,60,1,60,0
2026-08-16,Halle,Brussels-North,IC 10306,07:10,1,Buizingen,0,07:14,07:15,-1,-60,0,0,0
2026-08-16,Halle,Brussels-North,IC 10306,07:10,2,Brussels-South/Brussels-Midi,1,07:24,07:31,0,0,0,0,0
2026-08-16,Halle,Brussels-North,IC 10306,07:10,3,Brussels-Central,1,07:35,07:36,0,0,1,60,0
2026-08-16,Halle,Brussels-North,IC 10306,07:10,4,Brussels-North,1,07:40,07:42,0,0,0,0,0
2026-08-16,Halle,Brussels-North,IC 3406,07:22,0,Halle,1,07:20,07:22,0,0,0,0,0
2026-08-16,Halle,Brussels-North,IC 3406,07:22,1,Brussels-South/Brussels-Midi,1,07:34,07:37,0,0,0,0,0
2026-08-16,Halle,Brussels-North,IC 3406,07:22,2,Brussels-Central,1,07:41,07:42,0,0,0,0,0
2026-08-16,Halle,Brussels-North,IC 3406,07:22,3,Brussels-North,1,07:46,07:48,0,0,0,0,0
2026-08-16,Halle,Brussels-North,IC 10307,08:10,0,Halle,1,08:08,08:10,0,0,1,60,0
2026-08-16,Halle,Brussels-North,IC 10307,08:10,1,Buizingen,0,08:14,08:15,0,0,0,0,0
2026-08-16,Halle,Brussels-North,IC 10307,08:10,2,Brussels-South/Brussels-Midi,1,08:24,08:31,0,0,1,60,0
2026-08-16,Halle,Brussels-North,IC 10307,08:10,3,Brussels-Central,1,08:35,08:36,0,0,1,60,0
2026-08-16,Halle,Brussels-North,IC 10307,08:10,4,Brussels-North,1,08:40,08:42,0,0,0,0,0
2026-08-16,Halle,Brussels-North,IC 3407,08:22,0,Halle,1,08:20,08:22,0,0,0,0,0
2026-08-16,Halle,Brussels-North,IC 3407,08:22,1,Brussels-South/Brussels-Midi,1,08:34,08:37,0,0,0,0,0
2026-08-16,Halle,Brussels-North,IC 3407,08:22,2,Brussels-Central,1,08:41,08:42,0,0,0,0,0
2026-08-16,Halle,Brussels-North,IC 3407,08:22,3,Brussels-North,1,08:46,08:48,0,0,0,0,0
2026-08-16,Halle,Brussels-North,IC 10308,09:10,0,Halle,1,09:08,09:10,3,180,2,120,0
2026-08-16,Halle,Brussels-North,IC 10308,09:10,1,Buizingen,0,09:14,09:15,1,60,2,120,0
2026-08-16,Halle,Brussels-North,IC 10308,09:10,2,Brussels-South/Brussels-Midi,1,09:24,09:31,0,0,0,0,0
2026-08-16,Halle,Brussels-North,IC 10308,09:10,3,Brussels-Central,1,09:35,09:36,0,0,1,60,0
2026-08-16,Halle,Brussels-North,IC 10308,09:10,4,Brussels-North,1,09:40,09:42,0,0,0,0,0
2026-08-16,Halle,Brussels-North,IC 3408,09:22,0,Halle,1,09:20,09:22,0,0,0,0,0
2026-08-16,Halle,Brussels-North,IC 3408,09:22,1,Brussels-South/Brussels-Midi,1,09:34,09:37,0,0,0,0,0
2026-08-16,Halle,Brussels-North,IC 3408,09:22,2,Brussels-Central,1,09:41,09:42,0,0,0,0,0
2026-08-16,Halle,Brussels-North,IC 3408,09:22,3,Brussels-North,1,09:46,09:48,0,0,0,0,0
2026-08-16,Halle,Brussels-North,IC 10309,10:10,0,Halle,1,10:08,10:10,0,0,0,0,0
2026-08-16,Halle,Brussels-North,IC 10309,10:10,1,Buizingen,0,10:14,10:15,-1,-60,0,0,0
2026-08-16,Halle,Brussels-North,IC 10309,10:10,2,Brussels-South/Brussels-Midi,1,10:24,10:31,-1,-60,0,0,0
2026-08-16,Halle,Brussels-North,IC 10309,10:10,3,Brussels-Central,1,10:35,10:36,0,0,1,60,0
2026-08-16,Halle,Brussels-North,IC 10309,10:10,4,Brussels-North,1,10:40,10:42,1,60,0,0,0
2026-08-16,Halle,Brussels-North,IC 3409,10:22,0,Halle,1,10:20,10:22,0,0,0,0,0
2026-08-16,Halle,Brussels-North,IC 3409,10:22,1,Brussels-South/Brussels-Midi,1,10:34,10:37,0,0,0,0,0
2026-08-16,Halle,Brussels-North,IC 3409,10:22,2,Brussels-Central,1,10:41,10:42,0,0,0,0,0
2026-08-16,Halle,Brussels-North,IC 3409,10:22,3,Brussels-North,1,10:46,10:48,0,0,0,0,0
2026-08-16,Halle,Brussels-North,IC 3410,11:22,0,Halle,1,11:20,11:22,0,0,0,0,0
2026-08-16,Halle,Brussels-North,IC 3410,11:22,1,Brussels-South/Brussels-Midi,1,11:34,11:37,0,0,0,0,0
2026-08-16,Halle,Brussels-North,IC 3410,11:22,2,Brussels-Central,1,11:41,11:42,0,0,0,0,0
2026-08-16,Halle,Brussels-North,IC 3410,11:22,3,Brussels-North,1,11:46,11:48,0,0,0,0,0
2026-08-16,Halle,Brussels-North,IC 10311,12:10,0,Halle,1,12:08,12:10,0,0,0,0,0
2026-08-16,Halle,Brussels-North,IC 10311,12:10,1,Buizingen,0,12:14,12:15,-1,-60,0,0,0
2026-08-16,Halle,Brussels-North,IC 10311,12:10,2,Brussels-South/Brussels-Midi,1,12:24,12:31,-1,-60,1,60,0
2026-08-16,Halle,Brussels-North,IC 10311,12:10,3,Brussels-Central,1,12:35,12:36,2,120,3,180,0
2026-08-16,Halle,Brussels-North,IC 10311,12:10,4,Brussels-North,1,12:40,12:42,2,120,2,120,0
2026-08-16,Halle,Brussels-North,IC 3411,12:22,0,Halle,1,12:20,12:22,0,0,0,0,0
2026-08-16,Halle,Brussels-North,IC 3411,12:22,1,Brussels-South/Brussels-Midi,1,12:34,12:37,0,0,0,0,0
2026-08-16,Halle,Brussels-North,IC 3411,12:22,2,Brussels-Central,1,12:41,12:42,0,0,0,0,0
2026-08-16,Halle,Brussels-North,IC 3411,12:22,3,Brussels-North,1,12:46,12:48,0,0,0,0,0
2026-08-16,Halle,Brussels-North,IC 10312,13:10,0,Halle,1,13:08,13:10,2,120,3,180,0
2026-08-16,Halle,Brussels-North,IC 10312,13:10,1,Buizingen,0,13:14,13:15,2,120,2,120,0
2026-08-16,Halle,Brussels-North,IC 10312,13:10,2,Brussels-South/Brussels-Midi,1,13:24,13:31,1,60,0,0,1
2026-08-16,Halle,Brussels-North,IC 10312,13:10,3,Brussels-Central,1,13:35,13:36,0,0,0,0,1
2026-08-16,Halle,Brussels-North,IC 10312,13:10,4,Brussels-North,1,13:40,13:42,0,0,0,0,1
2026-08-16,Halle,Brussels-North,IC 3412,13:22,0,Halle,1,13:20,13:22,0,0,0,0,0
2026-08-16,Halle,Brussels-North,IC 3412,13:22,1,Brussels-South/Brussels-Midi,1,13:34,13:37,0,0,0,0,0
2026-08-16,Halle,Brussels-North,IC 3412,13:22,2,Brussels-Central,1,13:41,13:42,0,0,0,0,0
2026-08-16,Halle,Brussels-North,IC 3412,13:22,3,Brussels-North,1,13:46,13:48,0,0,0,0,0
2026-08-16,Halle,Brussels-North,IC 10313,14:10,0,Halle,1,14:08,14:10,0,0,0,0,0
2026-08-16,Halle,Brussels-North,IC 10313,14:10,1,Buizingen,0,14:14,14:15,-1,-60,0,0,0
2026-08-16,Halle,Brussels-North,IC 10313,14:10,2,Brussels-South/Brussels-Midi,1,14:24,14:31,-1,-60,0,0,0
2026-08-16,Halle,Brussels-North,IC 10313,14:10,3,Brussels-Central,1,14:35,14:36,0,0,1,60,0
2026-08-16,Halle,Brussels-North,IC 10313,14:10,4,Brussels-North,1,14:40,14:42,0,0,1,60,0
2026-08-16,Halle,Brussels-North,IC 3413,14:22,0,Halle,1,14:20,14:22,0,0,0,0,0
2026-08-16,Halle,Brussels-North,IC 3413,14:22,1,Brussels-South/Brussels-Midi,1,14:34,14:37,0,0,0,0,0
2026-08-16,Halle,Brussels-North,IC 3413,14:22,2,Brussels-Central,1,14:41,14:42,0,0,0,0,0
2026-08-16,Halle,Brussels-North,IC 3413,14:22,3,Brussels-North,1,14:46,14:48,0,0,0,0,0
2026-08-16,Halle,Brussels-North,IC 10314,15:10,0,Halle,1,15:08,15:10,1,60,1,60,0
2026-08-16,Halle,Brussels-North,IC 10314,15:10,1,Buizingen,0,15:14,15:15,0,0,1,60,0
2026-08-16,Halle,Brussels-North,IC 10314,15:10,2,Brussels-South/Brussels-Midi,1,15:24,15:31,1,60,0,0,0
2026-08-16,Halle,Brussels-North,IC 10314,15:10,3,Brussels-Central,1,15:35,15:36,0,0,1,60,0
2026-08-16,Halle,Brussels-North,IC 10314,15:10,4,Brussels-North,1,15:40,15:42,0,0,0,0,0
2026-08-16,Halle,Brussels-North,IC 3414,15:22,0,Halle,1,15:20,15:22,0,0,0,0,0
2026-08-16,Halle,Brussels-North,IC 3414,15:22,1,Brussels-South/Brussels-Midi,1,15:34,15:37,0,0,0,0,0
2026-08-16,Halle,Brussels-North,IC 3414,15:22,2,Brussels-Central,1,15:41,15:42,0,0,0,0,0
2026-08-16,Halle,Brussels-North,IC 3414,15:22,3,Brussels-North,1,15:46,15:48,0,0,0,0,0
2026-08-16,Halle,Brussels-North,IC 10315,16:10,0,Halle,1,16:08,16:10,0,0,0,0,0
2026-08-16,Halle,Brussels-North,IC 10315,16:10,1,Buizingen,0,16:14,16:15,-1,-60,2,120,0
2026-08-16,Halle,Brussels-North,IC 10315,16:10,2,Brussels-South/Brussels-Midi,1,16:24,16:31,0,0,1,60,0
2026-08-16,Halle,Brussels-North,IC 10315,16:10,3,Brussels-Central,1,16:35,16:36,0,0,2,120,0
2026-08-16,Halle,Brussels-North,IC 10315,16:10,4,Brussels-North,1,16:40,16:42,2,120,2,120,0
2026-08-16,Halle,Brussels-North,IC 3415,16:22,0,Halle,1,16:20,16:22,0,0,0,0,0
2026-08-16,Halle,Brussels-North,IC 3415,16:22,1,Brussels-South/Brussels-Midi,1,16:34,16:37,0,0,0,0,0
2026-08-16,Halle,Brussels-North,IC 3415,16:22,2,Brussels-Central,1,16:41,16:42,0,0,0,0,0
2026-08-16,Halle,Brussels-North,IC 3415,16:22,3,Brussels-North,1,16:46,16:48,0,0,0,0,0
2026-08-16,Halle,Brussels-North,IC 10316,17:10,0,Halle,1,17:08,17:10,3,180,2,120,0
2026-08-16,Halle,Brussels-North,IC 10316,17:10,1,Buizingen,0,17:14,17:15,1,60,1,60,0
2026-08-16,Halle,Brussels-North,IC 10316,17:10,2,Brussels-South/Brussels-Midi,1,17:24,17:31,0,0,0,0,1
2026-08-16,Halle,Brussels-North,IC 10316,17:10,3,Brussels-Central,1,17:35,17:36,0,0,0,0,1
2026-08-16,Halle,Brussels-North,IC 10316,17:10,4,Brussels-North,1,17:40,17:42,0,0,0,0,1
2026-08-16,Halle,Brussels-North,IC 3416,17:22,0,Halle,1,17:20,17:22,0,0,0,0,0
2026-08-16,Halle,Brussels-North,IC 3416,17:22,1,Brussels-South/Brussels-Midi,1,17:34,17:37,0,0,0,0,0
2026-08-16,Halle,Brussels-North,IC 3416,17:22,2,Brussels-Central,1,17:41,17:42,0,0,0,0,0
2026-08-16,Halle,Brussels-North,IC 3416,17:22,3,Brussels-North,1,17:46,17:48,0,0,0,0,0
2026-08-16,Halle,Brussels-North,IC 3417,18:22,0,Halle,1,18:20,18:22,0,0,0,0,0
2026-08-16,Halle,Brussels-North,IC 3417,18:22,1,Brussels-South/Brussels-Midi,1,18:34,18:37,0,0,0,0,0
2026-08-16,Halle,Brussels-North,IC 3417,18:22,2,Brussels-Central,1,18:41,18:42,0,0,0,0,0
2026-08-16,Halle,Brussels-North,IC 3417,18:22,3,Brussels-North,1,18:46,18:48,0,0,0,0,0
2026-08-16,Halle,Brussels-North,IC 10318,19:10,0,Halle,1,19:08,19:10,9,540,9,540,0
2026-08-16,Halle,Brussels-North,IC 10318,19:10,1,Buizingen,0,19:14,19:15,7,420,7,420,0
2026-08-16,Halle,Brussels-North,IC 10318,19:10,2,Brussels-South/Brussels-Midi,1,19:24,19:31,6,360,3,180,0
2026-08-16,Halle,Brussels-North,IC 10318,19:10,3,Brussels-Central,1,19:35,19:36,3,180,4,240,0
2026-08-16,Halle,Brussels-North,IC 10318,19:10,4,Brussels-North,1,19:40,19:42,4,240,3,180,0
2026-08-16,Halle,Brussels-North,IC 3418,19:22,0,Halle,1,19:20,19:22,0,0,0,0,0
2026-08-16,Halle,Brussels-North,IC 3418,19:22,1,Brussels-South/Brussels-Midi,1,19:34,19:37,0,0,0,0,0
2026-08-16,Halle,Brussels-North,IC 3418,19:22,2,Brussels-Central,1,19:41,19:42,0,0,0,0,0
2026-08-16,Halle,Brussels-North,IC 3418,19:22,3,Brussels-North,1,19:46,19:48,0,0,0,0,0
2026-08-16,Halle,Brussels-North,IC 10319,20:10,0,Halle,1,20:08,20:10,0,0,0,0,0
2026-08-16,Halle,Brussels-North,IC 10319,20:10,1,Buizingen,0,20:14,20:15,-1,-60,0,0,0
2026-08-16,Halle,Brussels-North,IC 10319,20:10,2,Brussels-South/Brussels-Midi,1,20:24,20:31,0,0,1,60,0
2026-08-16,Halle,Brussels-North,IC 10319,20:10,3,Brussels-Central,1,20:35,20:36,0,0,1,60,0
2026-08-16,Halle,Brussels-North,IC 10319,20:10,4,Brussels-North,1,20:40,20:42,0,0,0,0,0
2026-08-16,Halle,Brussels-North,IC 3419,20:22,0,Halle,1,20:20,20:22,0,0,0,0,0
2026-08-16,Halle,Brussels-North,IC 3419,20:22,1,Brussels-South/Brussels-Midi,1,20:34,20:37,0,0,0,0,0
2026-08-16,Halle,Brussels-North,IC 3419,20:22,2,Brussels-Central,1,20:41,20:42,0,0,0,0,0
2026-08-16,Halle,Brussels-North,IC 3419,20:22,3,Brussels-North,1,20:46,20:48,0,0,0,0,0
2026-08-16,Halle,Brussels-North,IC 10320,21:10,0,Halle,1,21:08,21:10,0,0,0,0,0
2026-08-16,Halle,Brussels-North,IC 10320,21:10,1,Buizingen,0,21:14,21:15,0,0,0,0,0
2026-08-16,Halle,Brussels-North,IC 10320,21:10,2,Brussels-South/Brussels-Midi,1,21:24,21:31,0,0,0,0,0
2026-08-16,Halle,Brussels-North,IC 10320,21:10,3,Brussels-Central,1,21:35,21:36,0,0,0,0,0
2026-08-16,Halle,Brussels-North,IC 10320,21:10,4,Brussels-North,1,21:40,21:42,0,0,0,0,0
2026-08-16,Halle,Brussels-North,IC 3420,21:22,0,Halle,1,21:20,21:22,0,0,0,0,0
2026-08-16,Halle,Brussels-North,IC 3420,21:22,1,Brussels-South/Brussels-Midi,1,21:34,21:37,0,0,0,0,0
2026-08-16,Halle,Brussels-North,IC 3420,21:22,2,Brussels-Central,1,21:41,21:42,0,0,0,0,0
2026-08-16,Halle,Brussels-North,IC 3420,21:22,3,Brussels-North,1,21:46,21:48,0,0,0,0,0
2026-08-16,Halle,Brussels-North,IC 10321,22:10,0,Halle,1,22:08,22:10,0,0,0,0,0
2026-08-16,Halle,Brussels-North,IC 10321,22:10,1,Buizingen,0,22:14,22:15,0,0,0,0,0
2026-08-16,Halle,Brussels-North,IC 10321,22:10,2,Brussels-South/Brussels-Midi,1,22:24,22:31,0,0,0,0,0
2026-08-16,Halle,Brussels-North,IC 10321,22:10,3,Brussels-Central,1,22:35,22:36,0,0,0,0,0
2026-08-16,Halle,Brussels-North,IC 10321,22:10,4,Brussels-North,1,22:40,22:42,0,0,0,0,0
2026-08-16,Halle,Brussels-North,IC 3421,22:22,0,Halle,1,22:20,22:22,0,0,0,0,0
2026-08-16,Halle,Brussels-North,IC 3421,22:22,1,Brussels-South/Brussels-Midi,1,22:34,22:37,0,0,0,0,0
2026-08-16,Halle,Brussels-North,IC 3421,22:22,2,Brussels-Central,1,22:41,22:42,0,0,0,0,0
2026-08-16,Halle,Brussels-North,IC 3421,22:22,3,Brussels-North,1,22:46,22:48,0,0,0,0,0
2026-08-16,Halle,Brussels-North,IC 10322,23:10,0,Halle,1,23:08,23:10,0,0,0,0,0
2026-08-16,Halle,Brussels-North,IC 10322,23:10,1,Buizingen,0,23:14,23:15,0,0,0,0,0
2026-08-16,Halle,Brussels-North,IC 10322,23:10,2,Brussels-South/Brussels-Midi,1,23:24,23:34,0,0,0,0,0
2026-08-16,Halle,Brussels-North,IC 10322,23:10,3,Brussels-Central,1,23:38,23:39,0,0,0,0,0
2026-08-16,Halle,Brussels-North,IC 10322,23:10,4,Brussels-North,1,23:43,23:45,0,0,0,0,0
2026-08-16,Halle,Brussels-North,IC 3422,23:22,0,Halle,1,23:20,23:22,0,0,0,0,0
2026-08-16,Halle,Brussels-North,IC 3422,23:22,1,Brussels-South/Brussels-Midi,1,23:34,23:38,0,0,0,0,0
2026-08-16,Halle,Brussels-North,IC 3422,23:22,2,Brussels-Central,1,23:42,23:43,0,0,0,0,0
2026-08-16,Halle,Brussels-North,IC 3422,23:22,3,Brussels-North,1,23:47,23:50,0,0,0,0,0
2026-08-16,Halle,Leuven,S2 3756,06:40,0,Halle,1,06:39,06:40,0,0,0,0,0
2026-08-16,Halle,Leuven,S2 3756,06:40,1,Buizingen,0,06:42,06:43,0,0,0,0,0
2026-08-16,Halle,Leuven,S2 3756,06:40,2,Lot,0,06:45,06:46,0,0,0,0,0
2026-08-16,Halle,Leuven,S2 3756,06:40,3,Ruisbroek,0,06:49,06:50,0,0,0,0,0
2026-08-16,Halle,Leuven,S2 3756,06:40,4,Vorst-Zuid/Forest-Midi,0,06:52,06:53,0,0,0,0,0
2026-08-16,Halle,Leuven,S2 3756,06:40,5,Brussels-South/Brussels-Midi,1,06:57,07:00,0,0,0,0,0
2026-08-16,Halle,Leuven,S2 3756,06:40,6,Brussels-Central,1,07:03,07:04,0,0,0,0,0
2026-08-16,Halle,Leuven,S2 3756,06:40,7,Brussels-North,1,07:08,07:10,0,0,0,0,0
2026-08-16,Halle,Leuven,S2 3756,06:40,8,Schaarbeek/Schaerbeek,0,07:14,07:15,0,0,0,0,0
2026-08-16,Halle,Leuven,S2 3756,06:40,9,Haren-Sud/Haren-Zuid,0,07:19,07:19,0,0,0,0,0
2026-08-16,Halle,Leuven,S2 3756,06:40,10,Diegem,0,07:22,07:23,0,0,0,0,0
2026-08-16,Halle,Leuven,S2 3756,06:40,11,Zaventem,0,07:25,07:26,0,0,0,0,0
2026-08-16,Halle,Leuven,S2 3756,06:40,12,Nossegem,0,07:29,07:29,0,0,0,0,0
2026-08-16,Halle,Leuven,S2 3756,06:40,13,Kortenberg,0,07:32,07:33,0,0,0,0,0
2026-08-16,Halle,Leuven,S2 3756,06:40,14,Erps-Kwerps,0,07:36,07:37,0,0,0,0,0
2026-08-16,Halle,Leuven,S2 3756,06:40,15,Veltem,0,07:40,07:40,0,0,0,0,0
2026-08-16,Halle,Leuven,S2 3756,06:40,16,Herent,0,07:43,07:44,0,0,0,0,0
2026-08-16,Halle,Leuven,S2 3756,06:40,17,Leuven,1,07:49,07:49,0,0,0,0,0
2026-08-16,Halle,Leuven,S2 3757,07:40,0,Halle,1,07:39,07:40,0,0,0,0,0
2026-08-16,Halle,Leuven,S2 3757,07:40,1,Buizingen,0,07:42,07:43,0,0,0,0,0
2026-08-16,Halle,Leuven,S2 3757,07:40,2,Lot,0,07:45,07:46,0,0,0,0,0
2026-08-16,Halle,Leuven,S2 3757,07:40,3,Ruisbroek,0,07:49,07:50,0,0,0,0,0
2026-08-16,Halle,Leuven,S2 3757,07:40,4,Vorst-Zuid/Forest-Midi,0,07:52,07:53,0,0,0,0,0
2026-08-16,Halle,Leuven,S2 3757,07:40,5,Brussels-South/Brussels-Midi,1,07:57,08:00,0,0,0,0,0
2026-08-16,Halle,Leuven,S2 3757,07:40,6,Brussels-Central,1,08:03,08:04,0,0,0,0,0
2026-08-16,Halle,Leuven,S2 3757,07:40,7,Brussels-North,1,08:08,08:10,0,0,0,0,0
2026-08-16,Halle,Leuven,S2 3757,07:40,8,Schaarbeek/Schaerbeek,0,08:14,08:15,0,0,0,0,0
2026-08-16,Halle,Leuven,S2 3757,07:40,9,Haren-Sud/Haren-Zuid,0,08:19,08:19,0,0,0,0,0
2026-08-16,Halle,Leuven,S2 3757,07:40,10,Diegem,0,08:22,08:23,0,0,0,0,0
2026-08-16,Halle,Leuven,S2 3757,07:40,11,Zaventem,0,08:25,08:26,0,0,0,0,0
2026-08-16,Halle,Leuven,S2 3757,07:40,12,Nossegem,0,08:29,08:29,0,0,0,0,0
2026-08-16,Halle,Leuven,S2 3757,07:40,13,Kortenberg,0,08:32,08:33,0,0,0,0,0
2026-08-16,Halle,Leuven,S2 3757,07:40,14,Erps-Kwerps,0,08:36,08:37,0,0,0,0,0
2026-08-16,Halle,Leuven,S2 3757,07:40,15,Veltem,0,08:40,08:40,0,0,0,0,0
2026-08-16,Halle,Leuven,S2 3757,07:40,16,Herent,0,08:43,08:44,0,0,0,0,0
2026-08-16,Halle,Leuven,S2 3757,07:40,17,Leuven,1,08:49,08:49,0,0,0,0,0
2026-08-16,Halle,Leuven,S2 3758,08:40,0,Halle,1,08:39,08:40,0,0,0,0,0
2026-08-16,Halle,Leuven,S2 3758,08:40,1,Buizingen,0,08:42,08:43,0,0,0,0,0
2026-08-16,Halle,Leuven,S2 3758,08:40,2,Lot,0,08:45,08:46,0,0,0,0,0
2026-08-16,Halle,Leuven,S2 3758,08:40,3,Ruisbroek,0,08:49,08:50,0,0,0,0,0
2026-08-16,Halle,Leuven,S2 3758,08:40,4,Vorst-Zuid/Forest-Midi,0,08:52,08:53,0,0,0,0,0
2026-08-16,Halle,Leuven,S2 3758,08:40,5,Brussels-South/Brussels-Midi,1,08:57,09:00,0,0,0,0,0
2026-08-16,Halle,Leuven,S2 3758,08:40,6,Brussels-Central,1,09:03,09:04,0,0,0,0,0
2026-08-16,Halle,Leuven,S2 3758,08:40,7,Brussels-North,1,09:08,09:10,0,0,0,0,0
2026-08-16,Halle,Leuven,S2 3758,08:40,8,Schaarbeek/Schaerbeek,0,09:14,09:15,0,0,0,0,0
2026-08-16,Halle,Leuven,S2 3758,08:40,9,Haren-Sud/Haren-Zuid,0,09:19,09:19,0,0,0,0,0
2026-08-16,Halle,Leuven,S2 3758,08:40,10,Diegem,0,09:22,09:23,0,0,0,0,0
2026-08-16,Halle,Leuven,S2 3758,08:40,11,Zaventem,0,09:25,09:26,0,0,0,0,0
2026-08-16,Halle,Leuven,S2 3758,08:40,12,Nossegem,0,09:29,09:29,0,0,0,0,0
2026-08-16,Halle,Leuven,S2 3758,08:40,13,Kortenberg,0,09:32,09:33,0,0,0,0,0
2026-08-16,Halle,Leuven,S2 3758,08:40,14,Erps-Kwerps,0,09:36,09:37,0,0,0,0,0
2026-08-16,Halle,Leuven,S2 3758,08:40,15,Veltem,0,09:40,09:40,0,0,0,0,0
2026-08-16,Halle,Leuven,S2 3758,08:40,16,Herent,0,09:43,09:44,0,0,0,0,0
2026-08-16,Halle,Leuven,S2 3758,08:40,17,Leuven,1,09:49,09:49,0,0,0,0,0
2026-08-16,Halle,Leuven,S2 3759,09:40,0,Halle,1,09:39,09:40,0,0,0,0,0
2026-08-16,Halle,Leuven,S2 3759,09:40,1,Buizingen,0,09:42,09:43,0,0,0,0,0
2026-08-16,Halle,Leuven,S2 3759,09:40,2,Lot,0,09:45,09:46,0,0,0,0,0
2026-08-16,Halle,Leuven,S2 3759,09:40,3,Ruisbroek,0,09:49,09:50,0,0,0,0,0
2026-08-16,Halle,Leuven,S2 3759,09:40,4,Vorst-Zuid/Forest-Midi,0,09:52,09:53,0,0,0,0,0
2026-08-16,Halle,Leuven,S2 3759,09:40,5,Brussels-South/Brussels-Midi,1,09:57,10:00,0,0,0,0,0
2026-08-16,Halle,Leuven,S2 3759,09:40,6,Brussels-Central,1,10:03,10:04,0,0,0,0,0
2026-08-16,Halle,Leuven,S2 3759,09:40,7,Brussels-North,1,10:08,10:10,0,0,0,0,0
2026-08-16,Halle,Leuven,S2 3759,09:40,8,Schaarbeek/Schaerbeek,0,10:14,10:15,0,0,0,0,0
2026-08-16,Halle,Leuven,S2 3759,09:40,9,Haren-Sud/Haren-Zuid,0,10:19,10:19,0,0,0,0,0
2026-08-16,Halle,Leuven,S2 3759,09:40,10,Diegem,0,10:22,10:23,0,0,0,0,0
2026-08-16,Halle,Leuven,S2 3759,09:40,11,Zaventem,0,10:25,10:26,0,0,0,0,0
2026-08-16,Halle,Leuven,S2 3759,09:40,12,Nossegem,0,10:29,10:29,0,0,0,0,0
2026-08-16,Halle,Leuven,S2 3759,09:40,13,Kortenberg,0,10:32,10:33,0,0,0,0,0
2026-08-16,Halle,Leuven,S2 3759,09:40,14,Erps-Kwerps,0,10:36,10:37,0,0,0,0,0
2026-08-16,Halle,Leuven,S2 3759,09:40,15,Veltem,0,10:40,10:40,0,0,0,0,0
2026-08-16,Halle,Leuven,S2 3759,09:40,16,Herent,0,10:43,10:44,0,0,0,0,0
2026-08-16,Halle,Leuven,S2 3759,09:40,17,Leuven,1,10:49,10:49,0,0,0,0,0
2026-08-16,Halle,Leuven,S2 3760,10:40,0,Halle,1,10:39,10:40,0,0,0,0,0
2026-08-16,Halle,Leuven,S2 3760,10:40,1,Buizingen,0,10:42,10:43,0,0,0,0,0
2026-08-16,Halle,Leuven,S2 3760,10:40,2,Lot,0,10:45,10:46,0,0,0,0,0
2026-08-16,Halle,Leuven,S2 3760,10:40,3,Ruisbroek,0,10:49,10:50,0,0,0,0,0
2026-08-16,Halle,Leuven,S2 3760,10:40,4,Vorst-Zuid/Forest-Midi,0,10:52,10:53,0,0,0,0,0
2026-08-16,Halle,Leuven,S2 3760,10:40,5,Brussels-South/Brussels-Midi,1,10:57,11:00,0,0,0,0,0
2026-08-16,Halle,Leuven,S2 3760,10:40,6,Brussels-Central,1,11:03,11:04,0,0,0,0,0
2026-08-16,Halle,Leuven,S2 3760,10:40,7,Brussels-North,1,11:08,11:10,0,0,0,0,0
2026-08-16,Halle,Leuven,S2 3760,10:40,8,Schaarbeek/Schaerbeek,0,11:14,11:15,0,0,0,0,0
2026-08-16,Halle,Leuven,S2 3760,10:40,9,Haren-Sud/Haren-Zuid,0,11:19,11:19,0,0,0,0,0
2026-08-16,Halle,Leuven,S2 3760,10:40,10,Diegem,0,11:22,11:23,0,0,0,0,0
2026-08-16,Halle,Leuven,S2 3760,10:40,11,Zaventem,0,11:25,11:26,0,0,0,0,0
2026-08-16,Halle,Leuven,S2 3760,10:40,12,Nossegem,0,11:29,11:29,0,0,0,0,0
2026-08-16,Halle,Leuven,S2 3760,10:40,13,Kortenberg,0,11:32,11:33,0,0,0,0,0
2026-08-16,Halle,Leuven,S2 3760,10:40,14,Erps-Kwerps,0,11:36,11:37,0,0,0,0,0
2026-08-16,Halle,Leuven,S2 3760,10:40,15,Veltem,0,11:40,11:40,0,0,0,0,0
2026-08-16,Halle,Leuven,S2 3760,10:40,16,Herent,0,11:43,11:44,0,0,0,0,0
2026-08-16,Halle,Leuven,S2 3760,10:40,17,Leuven,1,11:49,11:49,0,0,0,0,0
2026-08-16,Halle,Leuven,S2 3761,11:40,0,Halle,1,11:39,11:40,0,0,0,0,0
2026-08-16,Halle,Leuven,S2 3761,11:40,1,Buizingen,0,11:42,11:43,0,0,0,0,0
2026-08-16,Halle,Leuven,S2 3761,11:40,2,Lot,0,11:45,11:46,0,0,0,0,0
2026-08-16,Halle,Leuven,S2 3761,11:40,3,Ruisbroek,0,11:49,11:50,0,0,0,0,0
2026-08-16,Halle,Leuven,S2 3761,11:40,4,Vorst-Zuid/Forest-Midi,0,11:52,11:53,0,0,0,0,0
2026-08-16,Halle,Leuven,S2 3761,11:40,5,Brussels-South/Brussels-Midi,1,11:57,12:00,0,0,0,0,0
2026-08-16,Halle,Leuven,S2 3761,11:40,6,Brussels-Central,1,12:03,12:04,0,0,0,0,0
2026-08-16,Halle,Leuven,S2 3761,11:40,7,Brussels-North,1,12:08,12:10,0,0,0,0,0
2026-08-16,Halle,Leuven,S2 3761,11:40,8,Schaarbeek/Schaerbeek,0,12:14,12:15,0,0,0,0,0
2026-08-16,Halle,Leuven,S2 3761,11:40,9,Haren-Sud/Haren-Zuid,0,12:19,12:19,0,0,0,0,0
2026-08-16,Halle,Leuven,S2 3761,11:40,10,Diegem,0,12:22,12:23,0,0,0,0,0
2026-08-16,Halle,Leuven,S2 3761,11:40,11,Zaventem,0,12:25,12:26,0,0,0,0,0
2026-08-16,Halle,Leuven,S2 3761,11:40,12,Nossegem,0,12:29,12:29,0,0,0,0,0
2026-08-16,Halle,Leuven,S2 3761,11:40,13,Kortenberg,0,12:32,12:33,0,0,0,0,0
2026-08-16,Halle,Leuven,S2 3761,11:40,14,Erps-Kwerps,0,12:36,12:37,0,0,0,0,0
2026-08-16,Halle,Leuven,S2 3761,11:40,15,Veltem,0,12:40,12:40,0,0,0,0,0
2026-08-16,Halle,Leuven,S2 3761,11:40,16,Herent,0,12:43,12:44,0,0,0,0,0
2026-08-16,Halle,Leuven,S2 3761,11:40,17,Leuven,1,12:49,12:49,0,0,0,0,0
2026-08-16,Halle,Leuven,S2 3762,12:40,0,Halle,1,12:39,12:40,0,0,0,0,0
2026-08-16,Halle,Leuven,S2 3762,12:40,1,Buizingen,0,12:42,12:43,0,0,0,0,0
2026-08-16,Halle,Leuven,S2 3762,12:40,2,Lot,0,12:45,12:46,0,0,0,0,0
2026-08-16,Halle,Leuven,S2 3762,12:40,3,Ruisbroek,0,12:49,12:50,0,0,0,0,0
2026-08-16,Halle,Leuven,S2 3762,12:40,4,Vorst-Zuid/Forest-Midi,0,12:52,12:53,0,0,0,0,0
2026-08-16,Halle,Leuven,S2 3762,12:40,5,Brussels-South/Brussels-Midi,1,12:57,13:00,0,0,0,0,0
2026-08-16,Halle,Leuven,S2 3762,12:40,6,Brussels-Central,1,13:03,13:04,0,0,0,0,0
2026-08-16,Halle,Leuven,S2 3762,12:40,7,Brussels-North,1,13:08,13:10,0,0,0,0,0
2026-08-16,Halle,Leuven,S2 3762,12:40,8,Schaarbeek/Schaerbeek,0,13:14,13:15,0,0,0,0,0
2026-08-16,Halle,Leuven,S2 3762,12:40,9,Haren-Sud/Haren-Zuid,0,13:19,13:19,0,0,0,0,0
2026-08-16,Halle,Leuven,S2 3762,12:40,10,Diegem,0,13:22,13:23,0,0,0,0,0
2026-08-16,Halle,Leuven,S2 3762,12:40,11,Zaventem,0,13:25,13:26,0,0,0,0,0
2026-08-16,Halle,Leuven,S2 3762,12:40,12,Nossegem,0,13:29,13:29,0,0,0,0,0
2026-08-16,Halle,Leuven,S2 3762,12:40,13,Kortenberg,0,13:32,13:33,0,0,0,0,0
2026-08-16,Halle,Leuven,S2 3762,12:40,14,Erps-Kwerps,0,13:36,13:37,0,0,0,0,0
2026-08-16,Halle,Leuven,S2 3762,12:40,15,Veltem,0,13:40,13:40,0,0,0,0,0
2026-08-16,Halle,Leuven,S2 3762,12:40,16,Herent,0,13:43,13:44,0,0,0,0,0
2026-08-16,Halle,Leuven,S2 3762,12:40,17,Leuven,1,13:49,13:49,0,0,0,0,0
2026-08-16,Halle,Leuven,S2 3763,13:40,0,Halle,1,13:39,13:40,0,0,0,0,0
2026-08-16,Halle,Leuven,S2 3763,13:40,1,Buizingen,0,13:42,13:43,0,0,0,0,0
2026-08-16,Halle,Leuven,S2 3763,13:40,2,Lot,0,13:45,13:46,0,0,0,0,0
2026-08-16,Halle,Leuven,S2 3763,13:40,3,Ruisbroek,0,13:49,13:50,0,0,0,0,0
2026-08-16,Halle,Leuven,S2 3763,13:40,4,Vorst-Zuid/Forest-Midi,0,13:52,13:53,0,0,0,0,0
2026-08-16,Halle,Leuven,S2 3763,13:40,5,Brussels-South/Brussels-Midi,1,13:57,14:00,0,0,0,0,0
2026-08-16,Halle,Leuven,S2 3763,13:40,6,Brussels-Central,1,14:03,14:04,0,0,0,0,0
2026-08-16,Halle,Leuven,S2 3763,13:40,7,Brussels-North,1,14:08,14:10,0,0,0,0,0
2026-08-16,Halle,Leuven,S2 3763,13:40,8,Schaarbeek/Schaerbeek,0,14:14,14:15,0,0,0,0,0
2026-08-16,Halle,Leuven,S2 3763,13:40,9,Haren-Sud/Haren-Zuid,0,14:19,14:19,0,0,0,0,0
2026-08-16,Halle,Leuven,S2 3763,13:40,10,Diegem,0,14:22,14:23,0,0,0,0,0
2026-08-16,Halle,Leuven,S2 3763,13:40,11,Zaventem,0,14:25,14:26,0,0,0,0,0
2026-08-16,Halle,Leuven,S2 3763,13:40,12,Nossegem,0,14:29,14:29,0,0,0,0,0
2026-08-16,Halle,Leuven,S2 3763,13:40,13,Kortenberg,0,14:32,14:33,0,0,0,0,0
2026-08-16,Halle,Leuven,S2 3763,13:40,14,Erps-Kwerps,0,14:36,14:37,0,0,0,0,0
2026-08-16,Halle,Leuven,S2 3763,13:40,15,Veltem,0,14:40,14:40,0,0,0,0,0
2026-08-16,Halle,Leuven,S2 3763,13:40,16,Herent,0,14:43,14:44,0,0,0,0,0
2026-08-16,Halle,Leuven,S2 3763,13:40,17,Leuven,1,14:49,14:49,0,0,0,0,0
2026-08-16,Halle,Leuven,S2 3764,14:40,0,Halle,1,14:39,14:40,0,0,0,0,0
2026-08-16,Halle,Leuven,S2 3764,14:40,1,Buizingen,0,14:42,14:43,0,0,0,0,0
2026-08-16,Halle,Leuven,S2 3764,14:40,2,Lot,0,14:45,14:46,0,0,0,0,0
2026-08-16,Halle,Leuven,S2 3764,14:40,3,Ruisbroek,0,14:49,14:50,0,0,0,0,0
2026-08-16,Halle,Leuven,S2 3764,14:40,4,Vorst-Zuid/Forest-Midi,0,14:52,14:53,0,0,0,0,0
2026-08-16,Halle,Leuven,S2 3764,14:40,5,Brussels-South/Brussels-Midi,1,14:57,15:00,0,0,0,0,0
2026-08-16,Halle,Leuven,S2 3764,14:40,6,Brussels-Central,1,15:03,15:04,0,0,0,0,0
2026-08-16,Halle,Leuven,S2 3764,14:40,7,Brussels-North,1,15:08,15:10,0,0,0,0,0
2026-08-16,Halle,Leuven,S2 3764,14:40,8,Schaarbeek/Schaerbeek,0,15:14,15:15,0,0,0,0,0
2026-08-16,Halle,Leuven,S2 3764,14:40,9,Haren-Sud/Haren-Zuid,0,15:19,15:19,0,0,0,0,0
2026-08-16,Halle,Leuven,S2 3764,14:40,10,Diegem,0,15:22,15:23,0,0,0,0,0
2026-08-16,Halle,Leuven,S2 3764,14:40,11,Zaventem,0,15:25,15:26,0,0,0,0,0
2026-08-16,Halle,Leuven,S2 3764,14:40,12,Nossegem,0,15:29,15:29,0,0,0,0,0
2026-08-16,Halle,Leuven,S2 3764,14:40,13,Kortenberg,0,15:32,15:33,0,0,0,0,0
2026-08-16,Halle,Leuven,S2 3764,14:40,14,Erps-Kwerps,0,15:36,15:37,0,0,0,0,0
2026-08-16,Halle,Leuven,S2 3764,14:40,15,Veltem,0,15:40,15:40,0,0,0,0,0
2026-08-16,Halle,Leuven,S2 3764,14:40,16,Herent,0,15:43,15:44,0,0,0,0,0
2026-08-16,Halle,Leuven,S2 3764,14:40,17,Leuven,1,15:49,15:49,0,0,0,0,0
2026-08-16,Halle,Leuven,S2 3765,15:40,0,Halle,1,15:39,15:40,0,0,0,0,0
2026-08-16,Halle,Leuven,S2 3765,15:40,1,Buizingen,0,15:42,15:43,0,0,0,0,0
2026-08-16,Halle,Leuven,S2 3765,15:40,2,Lot,0,15:45,15:46,0,0,0,0,0
2026-08-16,Halle,Leuven,S2 3765,15:40,3,Ruisbroek,0,15:49,15:50,0,0,0,0,0
2026-08-16,Halle,Leuven,S2 3765,15:40,4,Vorst-Zuid/Forest-Midi,0,15:52,15:53,0,0,0,0,0
2026-08-16,Halle,Leuven,S2 3765,15:40,5,Brussels-South/Brussels-Midi,1,15:57,16:00,0,0,0,0,0
2026-08-16,Halle,Leuven,S2 3765,15:40,6,Brussels-Central,1,16:03,16:04,0,0,0,0,0
2026-08-16,Halle,Leuven,S2 3765,15:40,7,Brussels-North,1,16:08,16:10,0,0,0,0,0
2026-08-16,Halle,Leuven,S2 3765,15:40,8,Schaarbeek/Schaerbeek,0,16:14,16:15,0,0,0,0,0
2026-08-16,Halle,Leuven,S2 3765,15:40,9,Haren-Sud/Haren-Zuid,0,16:19,16:19,0,0,0,0,0
2026-08-16,Halle,Leuven,S2 3765,15:40,10,Diegem,0,16:22,16:23,0,0,0,0,0
2026-08-16,Halle,Leuven,S2 3765,15:40,11,Zaventem,0,16:25,16:26,0,0,0,0,0
2026-08-16,Halle,Leuven,S2 3765,15:40,12,Nossegem,0,16:29,16:29,0,0,0,0,0
2026-08-16,Halle,Leuven,S2 3765,15:40,13,Kortenberg,0,16:32,16:33,0,0,0,0,0
2026-08-16,Halle,Leuven,S2 3765,15:40,14,Erps-Kwerps,0,16:36,16:37,0,0,0,0,0
2026-08-16,Halle,Leuven,S2 3765,15:40,15,Veltem,0,16:40,16:40,0,0,0,0,0
2026-08-16,Halle,Leuven,S2 3765,15:40,16,Herent,0,16:43,16:44,0,0,0,0,0
2026-08-16,Halle,Leuven,S2 3765,15:40,17,Leuven,1,16:49,16:49,0,0,0,0,0
2026-08-16,Halle,Leuven,S2 3766,16:40,0,Halle,1,16:39,16:40,0,0,0,0,0
2026-08-16,Halle,Leuven,S2 3766,16:40,1,Buizingen,0,16:42,16:43,0,0,0,0,0
2026-08-16,Halle,Leuven,S2 3766,16:40,2,Lot,0,16:45,16:46,0,0,0,0,0
2026-08-16,Halle,Leuven,S2 3766,16:40,3,Ruisbroek,0,16:49,16:50,0,0,0,0,0
2026-08-16,Halle,Leuven,S2 3766,16:40,4,Vorst-Zuid/Forest-Midi,0,16:52,16:53,0,0,0,0,0
2026-08-16,Halle,Leuven,S2 3766,16:40,5,Brussels-South/Brussels-Midi,1,16:57,17:00,0,0,0,0,0
2026-08-16,Halle,Leuven,S2 3766,16:40,6,Brussels-Central,1,17:03,17:04,0,0,0,0,0
2026-08-16,Halle,Leuven,S2 3766,16:40,7,Brussels-North,1,17:08,17:10,0,0,0,0,0
2026-08-16,Halle,Leuven,S2 3766,16:40,8,Schaarbeek/Schaerbeek,0,17:14,17:15,0,0,0,0,0
2026-08-16,Halle,Leuven,S2 3766,16:40,9,Haren-Sud/Haren-Zuid,0,17:19,17:19,0,0,0,0,0
2026-08-16,Halle,Leuven,S2 3766,16:40,10,Diegem,0,17:22,17:23,0,0,0,0,0
2026-08-16,Halle,Leuven,S2 3766,16:40,11,Zaventem,0,17:25,17:26,0,0,0,0,0
2026-08-16,Halle,Leuven,S2 3766,16:40,12,Nossegem,0,17:29,17:29,0,0,0,0,0
2026-08-16,Halle,Leuven,S2 3766,16:40,13,Kortenberg,0,17:32,17:33,0,0,0,0,0
2026-08-16,Halle,Leuven,S2 3766,16:40,14,Erps-Kwerps,0,17:36,17:37,0,0,0,0,0
2026-08-16,Halle,Leuven,S2 3766,16:40,15,Veltem,0,17:40,17:40,0,0,0,0,0
2026-08-16,Halle,Leuven,S2 3766,16:40,16,Herent,0,17:43,17:44,0,0,0,0,0
2026-08-16,Halle,Leuven,S2 3766,16:40,17,Leuven,1,17:49,17:49,0,0,0,0,0
2026-08-16,Halle,Leuven,S2 3767,17:40,0,Halle,1,17:39,17:40,0,0,0,0,0
2026-08-16,Halle,Leuven,S2 3767,17:40,1,Buizingen,0,17:42,17:43,0,0,0,0,0
2026-08-16,Halle,Leuven,S2 3767,17:40,2,Lot,0,17:45,17:46,0,0,0,0,0
2026-08-16,Halle,Leuven,S2 3767,17:40,3,Ruisbroek,0,17:49,17:50,0,0,0,0,0
2026-08-16,Halle,Leuven,S2 3767,17:40,4,Vorst-Zuid/Forest-Midi,0,17:52,17:53,0,0,0,0,0
2026-08-16,Halle,Leuven,S2 3767,17:40,5,Brussels-South/Brussels-Midi,1,17:57,18:00,0,0,0,0,0
2026-08-16,Halle,Leuven,S2 3767,17:40,6,Brussels-Central,1,18:03,18:04,0,0,0,0,0
2026-08-16,Halle,Leuven,S2 3767,17:40,7,Brussels-North,1,18:08,18:10,0,0,0,0,0
2026-08-16,Halle,Leuven,S2 3767,17:40,8,Schaarbeek/Schaerbeek,0,18:14,18:15,0,0,0,0,0
2026-08-16,Halle,Leuven,S2 3767,17:40,9,Haren-Sud/Haren-Zuid,0,18:19,18:19,0,0,0,0,0
2026-08-16,Halle,Leuven,S2 3767,17:40,10,Diegem,0,18:22,18:23,0,0,0,0,0
2026-08-16,Halle,Leuven,S2 3767,17:40,11,Zaventem,0,18:25,18:26,0,0,0,0,0
2026-08-16,Halle,Leuven,S2 3767,17:40,12,Nossegem,0,18:29,18:29,0,0,0,0,0
2026-08-16,Halle,Leuven,S2 3767,17:40,13,Kortenberg,0,18:32,18:33,0,0,0,0,0
2026-08-16,Halle,Leuven,S2 3767,17:40,14,Erps-Kwerps,0,18:36,18:37,0,0,0,0,0
2026-08-16,Halle,Leuven,S2 3767,17:40,15,Veltem,0,18:40,18:40,0,0,0,0,0
2026-08-16,Halle,Leuven,S2 3767,17:40,16,Herent,0,18:43,18:44,0,0,0,0,0
2026-08-16,Halle,Leuven,S2 3767,17:40,17,Leuven,1,18:49,18:49,0,0,0,0,0
2026-08-16,Halle,Leuven,S2 3768,18:40,0,Halle,1,18:39,18:40,0,0,0,0,0
2026-08-16,Halle,Leuven,S2 3768,18:40,1,Buizingen,0,18:42,18:43,0,0,0,0,0
2026-08-16,Halle,Leuven,S2 3768,18:40,2,Lot,0,18:45,18:46,0,0,0,0,0
2026-08-16,Halle,Leuven,S2 3768,18:40,3,Ruisbroek,0,18:49,18:50,0,0,0,0,0
2026-08-16,Halle,Leuven,S2 3768,18:40,4,Vorst-Zuid/Forest-Midi,0,18:52,18:53,0,0,0,0,0
2026-08-16,Halle,Leuven,S2 3768,18:40,5,Brussels-South/Brussels-Midi,1,18:57,19:03,0,0,0,0,0
2026-08-16,Halle,Leuven,S2 3768,18:40,6,Brussels-Central,1,19:06,19:07,0,0,0,0,0
2026-08-16,Halle,Leuven,S2 3768,18:40,7,Brussels-North,1,19:11,19:13,0,0,0,0,0
2026-08-16,Halle,Leuven,S2 3768,18:40,8,Schaarbeek/Schaerbeek,0,19:17,19:18,0,0,0,0,0
2026-08-16,Halle,Leuven,S2 3768,18:40,9,Haren-Sud/Haren-Zuid,0,19:22,19:22,0,0,0,0,0
2026-08-16,Halle,Leuven,S2 3768,18:40,10,Diegem,0,19:25,19:26,0,0,0,0,0
2026-08-16,Halle,Leuven,S2 3768,18:40,11,Zaventem,0,19:28,19:29,0,0,0,0,0
2026-08-16,Halle,Leuven,S2 3768,18:40,12,Nossegem,0,19:32,19:32,0,0,0,0,0
2026-08-16,Halle,Leuven,S2 3768,18:40,13,Kortenberg,0,19:35,19:36,0,0,0,0,0
2026-08-16,Halle,Leuven,S2 3768,18:40,14,Erps-Kwerps,0,19:39,19:40,0,0,0,0,0
2026-08-16,Halle,Leuven,S2 3768,18:40,15,Veltem,0,19:43,19:43,0,0,0,0,0
2026-08-16,Halle,Leuven,S2 3768,18:40,16,Herent,0,19:46,19:47,0,0,0,0,0
2026-08-16,Halle,Leuven,S2 3768,18:40,17,Leuven,1,19:52,19:52,0,0,0,0,0
2026-08-16,Halle,Leuven,S2 3769,19:40,0,Halle,1,19:39,19:40,0,0,0,0,0
2026-08-16,Halle,Leuven,S2 3769,19:40,1,Buizingen,0,19:42,19:43,0,0,0,0,0
2026-08-16,Halle,Leuven,S2 3769,19:40,2,Lot,0,19:45,19:46,0,0,0,0,0
2026-08-16,Halle,Leuven,S2 3769,19:40,3,Ruisbroek,0,19:49,19:50,0,0,0,0,0
2026-08-16,Halle,Leuven,S2 3769,19:40,4,Vorst-Zuid/Forest-Midi,0,19:52,19:53,0,0,0,0,0
2026-08-16,Halle,Leuven,S2 3769,19:40,5,Brussels-South/Brussels-Midi,1,19:57,20:03,0,0,0,0,0
2026-08-16,Halle,Leuven,S2 3769,19:40,6,Brussels-Central,1,20:06,20:07,0,0,0,0,0
2026-08-16,Halle,Leuven,S2 3769,19:40,7,Brussels-North,1,20:11,20:13,0,0,0,0,0
2026-08-16,Halle,Leuven,S2 3769,19:40,8,Schaarbeek/Schaerbeek,0,20:17,20:18,0,0,0,0,0
2026-08-16,Halle,Leuven,S2 3769,19:40,9,Haren-Sud/Haren-Zuid,0,20:22,20:22,0,0,0,0,0
2026-08-16,Halle,Leuven,S2 3769,19:40,10,Diegem,0,20:25,20:26,0,0,0,0,0
2026-08-16,Halle,Leuven,S2 3769,19:40,11,Zaventem,0,20:28,20:29,0,0,0,0,0
2026-08-16,Halle,Leuven,S2 3769,19:40,12,Nossegem,0,20:32,20:32,0,0,0,0,0
2026-08-16,Halle,Leuven,S2 3769,19:40,13,Kortenberg,0,20:35,20:36,0,0,0,0,0
2026-08-16,Halle,Leuven,S2 3769,19:40,14,Erps-Kwerps,0,20:39,20:40,0,0,0,0,0
2026-08-16,Halle,Leuven,S2 3769,19:40,15,Veltem,0,20:43,20:43,0,0,0,0,0
2026-08-16,Halle,Leuven,S2 3769,19:40,16,Herent,0,20:46,20:47,0,0,0,0,0
2026-08-16,Halle,Leuven,S2 3769,19:40,17,Leuven,1,20:52,20:52,0,0,0,0,0
2026-08-16,Halle,Leuven,S2 3770,20:40,0,Halle,1,20:39,20:40,0,0,0,0,0
2026-08-16,Halle,Leuven,S2 3770,20:40,1,Buizingen,0,20:42,20:43,0,0,0,0,0
2026-08-16,Halle,Leuven,S2 3770,20:40,2,Lot,0,20:45,20:46,0,0,0,0,0
2026-08-16,Halle,Leuven,S2 3770,20:40,3,Ruisbroek,0,20:49,20:50,0,0,0,0,0
2026-08-16,Halle,Leuven,S2 3770,20:40,4,Vorst-Zuid/Forest-Midi,0,20:52,20:53,0,0,0,0,0
2026-08-16,Halle,Leuven,S2 3770,20:40,5,Brussels-South/Brussels-Midi,1,20:57,21:00,0,0,0,0,0
2026-08-16,Halle,Leuven,S2 3770,20:40,6,Brussels-Central,1,21:03,21:04,0,0,0,0,0
2026-08-16,Halle,Leuven,S2 3770,20:40,7,Brussels-North,1,21:08,21:10,0,0,0,0,0
2026-08-16,Halle,Leuven,S2 3770,20:40,8,Schaarbeek/Schaerbeek,0,21:14,21:15,0,0,0,0,0
2026-08-16,Halle,Leuven,S2 3770,20:40,9,Haren-Sud/Haren-Zuid,0,21:19,21:19,0,0,0,0,0
2026-08-16,Halle,Leuven,S2 3770,20:40,10,Diegem,0,21:22,21:23,0,0,0,0,0
2026-08-16,Halle,Leuven,S2 3770,20:40,11,Zaventem,0,21:25,21:26,0,0,0,0,0
2026-08-16,Halle,Leuven,S2 3770,20:40,12,Nossegem,0,21:29,21:29,0,0,0,0,0
2026-08-16,Halle,Leuven,S2 3770,20:40,13,Kortenberg,0,21:32,21:33,0,0,0,0,0
2026-08-16,Halle,Leuven,S2 3770,20:40,14,Erps-Kwerps,0,21:36,21:37,0,0,0,0,0
2026-08-16,Halle,Leuven,S2 3770,20:40,15,Veltem,0,21:40,21:40,0,0,0,0,0
2026-08-16,Halle,Leuven,S2 3770,20:40,16,Herent,0,21:43,21:44,0,0,0,0,0
2026-08-16,Halle,Leuven,S2 3770,20:40,17,Leuven,1,21:49,21:49,0,0,0,0,0
2026-08-16,Halle,Leuven,S2 3771,21:40,0,Halle,1,21:39,21:40,0,0,0,0,0
2026-08-16,Halle,Leuven,S2 3771,21:40,1,Buizingen,0,21:42,21:43,0,0,0,0,0
2026-08-16,Halle,Leuven,S2 3771,21:40,2,Lot,0,21:45,21:46,0,0,0,0,0
2026-08-16,Halle,Leuven,S2 3771,21:40,3,Ruisbroek,0,21:49,21:50,0,0,0,0,0
2026-08-16,Halle,Leuven,S2 3771,21:40,4,Vorst-Zuid/Forest-Midi,0,21:52,21:53,0,0,0,0,0
2026-08-16,Halle,Leuven,S2 3771,21:40,5,Brussels-South/Brussels-Midi,1,21:57,22:00,0,0,0,0,0
2026-08-16,Halle,Leuven,S2 3771,21:40,6,Brussels-Central,1,22:03,22:04,0,0,0,0,0
2026-08-16,Halle,Leuven,S2 3771,21:40,7,Brussels-North,1,22:08,22:10,0,0,0,0,0
2026-08-16,Halle,Leuven,S2 3771,21:40,8,Schaarbeek/Schaerbeek,0,22:14,22:15,0,0,0,0,0
2026-08-16,Halle,Leuven,S2 3771,21:40,9,Haren-Sud/Haren-Zuid,0,22:19,22:19,0,0,0,0,0
2026-08-16,Halle,Leuven,S2 3771,21:40,10,Diegem,0,22:22,22:23,0,0,0,0,0
2026-08-16,Halle,Leuven,S2 3771,21:40,11,Zaventem,0,22:25,22:26,0,0,0,0,0
2026-08-16,Halle,Leuven,S2 3771,21:40,12,Nossegem,0,22:29,22:29,0,0,0,0,0
2026-08-16,Halle,Leuven,S2 3771,21:40,13,Kortenberg,0,22:32,22:33,0,0,0,0,0
2026-08-16,Halle,Leuven,S2 3771,21:40,14,Erps-Kwerps,0,22:36,22:37,0,0,0,0,0
2026-08-16,Halle,Leuven,S2 3771,21:40,15,Veltem,0,22:40,22:40,0,0,0,0,0
2026-08-16,Halle,Leuven,S2 3771,21:40,16,Herent,0,22:43,22:44,0,0,0,0,0
2026-08-16,Halle,Leuven,S2 3771,21:40,17,Leuven,1,22:49,22:49,0,0,0,0,0
2026-08-16,Halle,Leuven,S2 3772,22:40,0,Halle,1,22:39,22:40,0,0,0,0,0
2026-08-16,Halle,Leuven,S2 3772,22:40,1,Buizingen,0,22:42,22:43,0,0,0,0,0
2026-08-16,Halle,Leuven,S2 3772,22:40,2,Lot,0,22:45,22:46,0,0,0,0,0
2026-08-16,Halle,Leuven,S2 3772,22:40,3,Ruisbroek,0,22:49,22:50,0,0,0,0,0
2026-08-16,Halle,Leuven,S2 3772,22:40,4,Vorst-Zuid/Forest-Midi,0,22:52,22:53,0,0,0,0,0
2026-08-16,Halle,Leuven,S2 3772,22:40,5,Brussels-South/Brussels-Midi,1,22:57,23:00,0,0,0,0,0
2026-08-16,Halle,Leuven,S2 3772,22:40,6,Brussels-Central,1,23:03,23:04,0,0,0,0,0
2026-08-16,Halle,Leuven,S2 3772,22:40,7,Brussels-North,1,23:08,23:10,0,0,0,0,0
2026-08-16,Halle,Leuven,S2 3772,22:40,8,Schaarbeek/Schaerbeek,0,23:14,23:15,0,0,0,0,0
2026-08-16,Halle,Leuven,S2 3772,22:40,9,Haren-Sud/Haren-Zuid,0,23:19,23:19,0,0,0,0,0
2026-08-16,Halle,Leuven,S2 3772,22:40,10,Diegem,0,23:22,23:23,0,0,0,0,0
2026-08-16,Halle,Leuven,S2 3772,22:40,11,Zaventem,0,23:25,23:26,0,0,0,0,0
2026-08-16,Halle,Leuven,S2 3772,22:40,12,Nossegem,0,23:29,23:29,0,0,0,0,0
2026-08-16,Halle,Leuven,S2 3772,22:40,13,Kortenberg,0,23:32,23:33,0,0,0,0,0
2026-08-16,Halle,Leuven,S2 3772,22:40,14,Erps-Kwerps,0,23:36,23:37,0,0,0,0,0
2026-08-16,Halle,Leuven,S2 3772,22:40,15,Veltem,0,23:40,23:40,0,0,0,0,0
2026-08-16,Halle,Leuven,S2 3772,22:40,16,Herent,0,23:43,23:44,0,0,0,0,0
2026-08-16,Halle,Leuven,S2 3772,22:40,17,Leuven,1,23:49,23:49,0,0,0,0,0
2026-08-16,Leuven,Brussels-South/Brussels-Midi,IC 545,00:00,0,Leuven,1,23:57,00:00,0,0,0,0,0
2026-08-16,Leuven,Brussels-South/Brussels-Midi,IC 545,00:00,1,Brussels-North,1,00:16,00:18,0,0,0,0,0
2026-08-16,Leuven,Brussels-South/Brussels-Midi,IC 545,00:00,2,Brussels-Central,1,00:22,00:23,0,0,0,0,0
2026-08-16,Leuven,Brussels-South/Brussels-Midi,IC 545,00:00,3,Brussels-South/Brussels-Midi,1,00:27,00:30,0,0,0,0,0
2026-08-16,Leuven,Brussels-South/Brussels-Midi,IC 3628,05:19,0,Leuven,1,05:19,05:19,0,0,0,0,0
2026-08-16,Leuven,Brussels-South/Brussels-Midi,IC 3628,05:19,1,Brussels-North,1,05:38,05:40,0,0,0,0,0
2026-08-16,Leuven,Brussels-South/Brussels-Midi,IC 3628,05:19,2,Brussels-Central,1,05:44,05:45,0,0,0,0,0
2026-08-16,Leuven,Brussels-South/Brussels-Midi,IC 3628,05:19,3,Brussels-South/Brussels-Midi,1,05:49,05:53,0,0,0,0,0
2026-08-16,Leuven,Brussels-South/Brussels-Midi,IC 527,05:34,0,Leuven,1,05:31,05:34,0,0,0,0,0
2026-08-16,Leuven,Brussels-South/Brussels-Midi,IC 527,05:34,1,Brussels-North,1,05:49,05:51,0,0,0,0,0
2026-08-16,Leuven,Brussels-South/Brussels-Midi,IC 527,05:34,2,Brussels-Central,1,05:55,05:56,0,0,0,0,0
2026-08-16,Leuven,Brussels-South/Brussels-Midi,IC 527,05:34,3,Brussels-South/Brussels-Midi,1,06:00,06:03,0,0,0,0,0
2026-08-16,Leuven,Brussels-South/Brussels-Midi,IC 3629,06:19,0,Leuven,1,06:19,06:19,0,0,0,0,0
2026-08-16,Leuven,Brussels-South/Brussels-Midi,IC 3629,06:19,1,Brussels-North,1,06:38,06:40,0,0,0,0,0
2026-08-16,Leuven,Brussels-South/Brussels-Midi,IC 3629,06:19,2,Brussels-Central,1,06:44,06:45,0,0,0,0,0
2026-08-16,Leuven,Brussels-South/Brussels-Midi,IC 3629,06:19,3,Brussels-South/Brussels-Midi,1,06:49,06:53,0,0,0,0,0
2026-08-16,Leuven,Brussels-South/Brussels-Midi,IC 528,06:34,0,Leuven,1,06:32,06:34,0,0,0,0,0
2026-08-16,Leuven,Brussels-South/Brussels-Midi,IC 528,06:34,1,Brussels-North,1,06:49,06:51,0,0,0,0,0
2026-08-16,Leuven,Brussels-South/Brussels-Midi,IC 528,06:34,2,Brussels-Central,1,06:55,06:56,0,0,0,0,0
2026-08-16,Leuven,Brussels-South/Brussels-Midi,IC 528,06:34,3,Brussels-South/Brussels-Midi,1,07:00,07:03,0,0,0,0,0
2026-08-16,Leuven,Brussels-South/Brussels-Midi,IC 1528,06:55,0,Leuven,1,06:53,06:55,0,0,0,0,0
2026-08-16,Leuven,Brussels-South/Brussels-Midi,IC 1528,06:55,1,Brussels-North,1,07:12,07:15,0,0,0,0,0
2026-08-16,Leuven,Brussels-South/Brussels-Midi,IC 1528,06:55,2,Brussels-Central,1,07:19,07:20,0,0,0,0,0
2026-08-16,Leuven,Brussels-South/Brussels-Midi,IC 1528,06:55,3,Brussels-South/Brussels-Midi,1,07:24,07:28,0,0,0,0,0
2026-08-16,Leuven,Brussels-South/Brussels-Midi,IC 2829,07:07,0,Leuven,1,07:04,07:07,0,0,0,0,0
2026-08-16,Leuven,Brussels-South/Brussels-Midi,IC 2829,07:07,1,Brussels Airport - Zaventem,0,07:20,07:24,0,0,0,0,0
2026-08-16,Leuven,Brussels-South/Brussels-Midi,IC 2829,07:07,2,Brussels-North,1,07:35,07:38,0,0,0,0,0
2026-08-16,Leuven,Brussels-South/Brussels-Midi,IC 2829,07:07,3,Brussels-Central,1,07:42,07:43,0,0,0,0,0
2026-08-16,Leuven,Brussels-South/Brussels-Midi,IC 2829,07:07,4,Brussels-South/Brussels-Midi,1,07:47,07:51,0,0,0,0,0
2026-08-16,Leuven,Brussels-South/Brussels-Midi,IC 3630,07:19,0,Leuven,1,07:19,07:19,0,0,0,0,0
2026-08-16,Leuven,Brussels-South/Brussels-Midi,IC 3630,07:19,1,Brussels-North,1,07:38,07:40,0,0,0,0,0
2026-08-16,Leuven,Brussels-South/Brussels-Midi,IC 3630,07:19,2,Brussels-Central,1,07:44,07:45,0,0,0,0,0
2026-08-16,Leuven,Brussels-South/Brussels-Midi,IC 3630,07:19,3,Brussels-South/Brussels-Midi,1,07:49,07:53,0,0,0,0,0
2026-08-16,Leuven,Brussels-South/Brussels-Midi,IC 529,07:33,0,Leuven,1,07:31,07:33,0,0,0,0,0
2026-08-16,Leuven,Brussels-South/Brussels-Midi,IC 529,07:33,1,Brussels-North,1,07:48,07:51,0,0,0,0,0
2026-08-16,Leuven,Brussels-South/Brussels-Midi,IC 529,07:33,2,Brussels-Central,1,07:55,07:56,0,0,0,0,0
2026-08-16,Leuven,Brussels-South/Brussels-Midi,IC 529,07:33,3,Brussels-South/Brussels-Midi,1,08:00,08:03,0,0,0,0,0
2026-08-16,Leuven,Brussels-South/Brussels-Midi,IC 1529,07:55,0,Leuven,1,07:53,07:55,0,0,0,0,0
2026-08-16,Leuven,Brussels-South/Brussels-Midi,IC 1529,07:55,1,Brussels-North,1,08:12,08:15,0,0,0,0,0
2026-08-16,Leuven,Brussels-South/Brussels-Midi,IC 1529,07:55,2,Brussels-Central,1,08:19,08:20,0,0,0,0,0
2026-08-16,Leuven,Brussels-South/Brussels-Midi,IC 1529,07:55,3,Brussels-South/Brussels-Midi,1,08:24,08:28,0,0,0,0,0
2026-08-16,Leuven,Brussels-South/Brussels-Midi,IC 2830,08:07,0,Leuven,1,08:04,08:07,0,0,0,0,0
2026-08-16,Leuven,Brussels-South/Brussels-Midi,IC 2830,08:07,1,Brussels Airport - Zaventem,0,08:20,08:24,0,0,0,0,0
2026-08-16,Leuven,Brussels-South/Brussels-Midi,IC 2830,08:07,2,Brussels-North,1,08:35,08:38,0,0,0,0,0
2026-08-16,Leuven,Brussels-South/Brussels-Midi,IC 2830,08:07,3,Brussels-Central,1,08:42,08:43,0,0,0,0,0
2026-08-16,Leuven,Brussels-South/Brussels-Midi,IC 2830,08:07,4,Brussels-South/Brussels-Midi,1,08:47,08:51,0,0,0,0,0
2026-08-16,Leuven,Brussels-South/Brussels-Midi,IC 3631,08:18,0,Leuven,1,08:18,08:18,0,0,0,0,0
2026-08-16,Leuven,Brussels-South/Brussels-Midi,IC 3631,08:18,1,Brussels-North,1,08:38,08:40,0,0,0,0,0
2026-08-16,Leuven,Brussels-South/Brussels-Midi,IC 3631,08:18,2,Brussels-Central,1,08:44,08:45,0,0,0,0,0
2026-08-16,Leuven,Brussels-South/Brussels-Midi,IC 3631,08:18,3,Brussels-South/Brussels-Midi,1,08:49,08:53,0,0,0,0,0
2026-08-16,Leuven,Brussels-South/Brussels-Midi,IC 530,08:33,0,Leuven,1,08:31,08:33,0,0,0,0,0
2026-08-16,Leuven,Brussels-South/Brussels-Midi,IC 530,08:33,1,Brussels-North,1,08:48,08:51,0,0,0,0,0
2026-08-16,Leuven,Brussels-South/Brussels-Midi,IC 530,08:33,2,Brussels-Central,1,08:55,08:56,0,0,0,0,0
2026-08-16,Leuven,Brussels-South/Brussels-Midi,IC 530,08:33,3,Brussels-South/Brussels-Midi,1,09:00,09:03,0,0,0,0,0
2026-08-16,Leuven,Brussels-South/Brussels-Midi,IC 1530,08:55,0,Leuven,1,08:53,08:55,0,0,0,0,0
2026-08-16,Leuven,Brussels-South/Brussels-Midi,IC 1530,08:55,1,Brussels-North,1,09:12,09:15,0,0,0,0,0
2026-08-16,Leuven,Brussels-South/Brussels-Midi,IC 1530,08:55,2,Brussels-Central,1,09:19,09:20,0,0,0,0,0
2026-08-16,Leuven,Brussels-South/Brussels-Midi,IC 1530,08:55,3,Brussels-South/Brussels-Midi,1,09:24,09:28,0,0,0,0,0
2026-08-16,Leuven,Brussels-South/Brussels-Midi,IC 2831,09:07,0,Leuven,1,09:04,09:07,0,0,0,0,0
2026-08-16,Leuven,Brussels-South/Brussels-Midi,IC 2831,09:07,1,Brussels Airport - Zaventem,0,09:20,09:24,0,0,0,0,0
2026-08-16,Leuven,Brussels-South/Brussels-Midi,IC 2831,09:07,2,Brussels-North,1,09:35,09:38,0,0,0,0,0
2026-08-16,Leuven,Brussels-South/Brussels-Midi,IC 2831,09:07,3,Brussels-Central,1,09:42,09:43,0,0,0,0,0
2026-08-16,Leuven,Brussels-South/Brussels-Midi,IC 2831,09:07,4,Brussels-South/Brussels-Midi,1,09:47,09:51,0,0,0,0,0
2026-08-16,Leuven,Brussels-South/Brussels-Midi,IC 3632,09:18,0,Leuven,1,09:18,09:18,0,0,0,0,0
2026-08-16,Leuven,Brussels-South/Brussels-Midi,IC 3632,09:18,1,Brussels-North,1,09:38,09:40,0,0,0,0,0
2026-08-16,Leuven,Brussels-South/Brussels-Midi,IC 3632,09:18,2,Brussels-Central,1,09:44,09:45,0,0,0,0,0
2026-08-16,Leuven,Brussels-South/Brussels-Midi,IC 3632,09:18,3,Brussels-South/Brussels-Midi,1,09:49,09:53,0,0,0,0,0
2026-08-16,Leuven,Brussels-South/Brussels-Midi,IC 531,09:33,0,Leuven,1,09:31,09:33,0,0,0,0,0
2026-08-16,Leuven,Brussels-South/Brussels-Midi,IC 531,09:33,1,Brussels-North,1,09:48,09:51,0,0,0,0,0
2026-08-16,Leuven,Brussels-South/Brussels-Midi,IC 531,09:33,2,Brussels-Central,1,09:55,09:56,0,0,0,0,0
2026-08-16,Leuven,Brussels-South/Brussels-Midi,IC 531,09:33,3,Brussels-South/Brussels-Midi,1,10:00,10:03,0,0,0,0,0
2026-08-16,Leuven,Brussels-South/Brussels-Midi,IC 1531,09:55,0,Leuven,1,09:53,09:55,0,0,0,0,0
2026-08-16,Leuven,Brussels-South/Brussels-Midi,IC 1531,09:55,1,Brussels-North,1,10:12,10:15,0,0,0,0,0
2026-08-16,Leuven,Brussels-South/Brussels-Midi,IC 1531,09:55,2,Brussels-Central,1,10:19,10:20,0,0,0,0,0
2026-08-16,Leuven,Brussels-South/Brussels-Midi,IC 1531,09:55,3,Brussels-South/Brussels-Midi,1,10:24,10:28,0,0,0,0,0
2026-08-16,Leuven,Brussels-South/Brussels-Midi,IC 2832,10:07,0,Leuven,1,10:04,10:07,0,0,0,0,0
2026-08-16,Leuven,Brussels-South/Brussels-Midi,IC 2832,10:07,1,Brussels Airport - Zaventem,0,10:20,10:24,0,0,0,0,0
2026-08-16,Leuven,Brussels-South/Brussels-Midi,IC 2832,10:07,2,Brussels-North,1,10:35,10:38,0,0,0,0,0
2026-08-16,Leuven,Brussels-South/Brussels-Midi,IC 2832,10:07,3,Brussels-Central,1,10:42,10:43,0,0,0,0,0
2026-08-16,Leuven,Brussels-South/Brussels-Midi,IC 2832,10:07,4,Brussels-South/Brussels-Midi,1,10:47,10:51,0,0,0,0,0
2026-08-16,Leuven,Brussels-South/Brussels-Midi,IC 3633,10:18,0,Leuven,1,10:18,10:18,0,0,0,0,0
2026-08-16,Leuven,Brussels-South/Brussels-Midi,IC 3633,10:18,1,Brussels-North,1,10:38,10:40,0,0,0,0,0
2026-08-16,Leuven,Brussels-South/Brussels-Midi,IC 3633,10:18,2,Brussels-Central,1,10:44,10:45,0,0,0,0,0
2026-08-16,Leuven,Brussels-South/Brussels-Midi,IC 3633,10:18,3,Brussels-South/Brussels-Midi,1,10:49,10:53,0,0,0,0,0
2026-08-16,Leuven,Brussels-South/Brussels-Midi,IC 532,10:34,0,Leuven,1,10:31,10:34,0,0,0,0,0
2026-08-16,Leuven,Brussels-South/Brussels-Midi,IC 532,10:34,1,Brussels-North,1,10:49,10:51,0,0,0,0,0
2026-08-16,Leuven,Brussels-South/Brussels-Midi,IC 532,10:34,2,Brussels-Central,1,10:55,10:56,0,0,0,0,0
2026-08-16,Leuven,Brussels-South/Brussels-Midi,IC 532,10:34,3,Brussels-South/Brussels-Midi,1,11:00,11:03,0,0,0,0,0
2026-08-16,Leuven,Brussels-South/Brussels-Midi,IC 1532,10:55,0,Leuven,1,10:53,10:55,0,0,0,0,0
2026-08-16,Leuven,Brussels-South/Brussels-Midi,IC 1532,10:55,1,Brussels-North,1,11:12,11:15,0,0,0,0,0
2026-08-16,Leuven,Brussels-South/Brussels-Midi,IC 1532,10:55,2,Brussels-Central,1,11:19,11:20,0,0,0,0,0
2026-08-16,Leuven,Brussels-South/Brussels-Midi,IC 1532,10:55,3,Brussels-South/Brussels-Midi,1,11:24,11:28,0,0,0,0,0
2026-08-16,Leuven,Brussels-South/Brussels-Midi,IC 2833,11:07,0,Leuven,1,11:06,11:07,0,0,0,0,0
2026-08-16,Leuven,Brussels-South/Brussels-Midi,IC 2833,11:07,1,Brussels Airport - Zaventem,0,11:20,11:24,0,0,0,0,0
2026-08-16,Leuven,Brussels-South/Brussels-Midi,IC 2833,11:07,2,Brussels-North,1,11:35,11:38,0,0,0,0,0
2026-08-16,Leuven,Brussels-South/Brussels-Midi,IC 2833,11:07,3,Brussels-Central,1,11:42,11:43,0,0,0,0,0
2026-08-16,Leuven,Brussels-South/Brussels-Midi,IC 2833,11:07,4,Brussels-South/Brussels-Midi,1,11:47,11:51,0,0,0,0,0
2026-08-16,Leuven,Brussels-South/Brussels-Midi,IC 3634,11:18,0,Leuven,1,11:18,11:18,0,0,0,0,0
2026-08-16,Leuven,Brussels-South/Brussels-Midi,IC 3634,11:18,1,Brussels-North,1,11:38,11:40,0,0,0,0,0
2026-08-16,Leuven,Brussels-South/Brussels-Midi,IC 3634,11:18,2,Brussels-Central,1,11:44,11:45,0,0,0,0,0
2026-08-16,Leuven,Brussels-South/Brussels-Midi,IC 3634,11:18,3,Brussels-South/Brussels-Midi,1,11:49,11:53,0,0,0,0,0
2026-08-16,Leuven,Brussels-South/Brussels-Midi,IC 533,11:34,0,Leuven,1,11:31,11:34,0,0,0,0,0
2026-08-16,Leuven,Brussels-South/Brussels-Midi,IC 533,11:34,1,Brussels-North,1,11:49,11:51,0,0,0,0,0
2026-08-16,Leuven,Brussels-South/Brussels-Midi,IC 533,11:34,2,Brussels-Central,1,11:55,11:56,0,0,0,0,0
2026-08-16,Leuven,Brussels-South/Brussels-Midi,IC 533,11:34,3,Brussels-South/Brussels-Midi,1,12:00,12:03,0,0,0,0,0
2026-08-16,Leuven,Brussels-South/Brussels-Midi,IC 1533,11:55,0,Leuven,1,11:53,11:55,0,0,0,0,0
2026-08-16,Leuven,Brussels-South/Brussels-Midi,IC 1533,11:55,1,Brussels-North,1,12:12,12:15,0,0,0,0,0
2026-08-16,Leuven,Brussels-South/Brussels-Midi,IC 1533,11:55,2,Brussels-Central,1,12:19,12:20,0,0,0,0,0
2026-08-16,Leuven,Brussels-South/Brussels-Midi,IC 1533,11:55,3,Brussels-South/Brussels-Midi,1,12:24,12:28,0,0,0,0,0
2026-08-16,Leuven,Brussels-South/Brussels-Midi,IC 2834,12:07,0,Leuven,1,12:04,12:07,0,0,0,0,0
2026-08-16,Leuven,Brussels-South/Brussels-Midi,IC 2834,12:07,1,Brussels Airport - Zaventem,0,12:20,12:24,0,0,0,0,0
2026-08-16,Leuven,Brussels-South/Brussels-Midi,IC 2834,12:07,2,Brussels-North,1,12:35,12:38,0,0,0,0,0
2026-08-16,Leuven,Brussels-South/Brussels-Midi,IC 2834,12:07,3,Brussels-Central,1,12:42,12:43,0,0,0,0,0
2026-08-16,Leuven,Brussels-South/Brussels-Midi,IC 2834,12:07,4,Brussels-South/Brussels-Midi,1,12:47,12:51,0,0,0,0,0
2026-08-16,Leuven,Brussels-South/Brussels-Midi,IC 3635,12:18,0,Leuven,1,12:18,12:18,0,0,0,0,0
2026-08-16,Leuven,Brussels-South/Brussels-Midi,IC 3635,12:18,1,Brussels-North,1,12:38,12:40,0,0,0,0,0
2026-08-16,Leuven,Brussels-South/Brussels-Midi,IC 3635,12:18,2,Brussels-Central,1,12:44,12:45,0,0,0,0,0
2026-08-16,Leuven,Brussels-South/Brussels-Midi,IC 3635,12:18,3,Brussels-South/Brussels-Midi,1,12:49,12:53,0,0,0,0,0
2026-08-16,Leuven,Brussels-South/Brussels-Midi,IC 534,12:34,0,Leuven,1,12:31,12:34,0,0,0,0,0
2026-08-16,Leuven,Brussels-South/Brussels-Midi,IC 534,12:34,1,Brussels-North,1,12:49,12:51,0,0,0,0,0
2026-08-16,Leuven,Brussels-South/Brussels-Midi,IC 534,12:34,2,Brussels-Central,1,12:55,12:56,0,0,0,0,0
2026-08-16,Leuven,Brussels-South/Brussels-Midi,IC 534,12:34,3,Brussels-South/Brussels-Midi,1,13:00,13:03,0,0,0,0,0
2026-08-16,Leuven,Brussels-South/Brussels-Midi,IC 1534,12:55,0,Leuven,1,12:53,12:55,0,0,0,0,0
2026-08-16,Leuven,Brussels-South/Brussels-Midi,IC 1534,12:55,1,Brussels-North,1,13:12,13:15,0,0,0,0,0
2026-08-16,Leuven,Brussels-South/Brussels-Midi,IC 1534,12:55,2,Brussels-Central,1,13:19,13:20,0,0,0,0,0
2026-08-16,Leuven,Brussels-South/Brussels-Midi,IC 1534,12:55,3,Brussels-South/Brussels-Midi,1,13:24,13:28,0,0,0,0,0
2026-08-16,Leuven,Brussels-South/Brussels-Midi,IC 2835,13:07,0,Leuven,1,13:04,13:07,0,0,0,0,0
2026-08-16,Leuven,Brussels-South/Brussels-Midi,IC 2835,13:07,1,Brussels Airport - Zaventem,0,13:20,13:24,0,0,0,0,0
2026-08-16,Leuven,Brussels-South/Brussels-Midi,IC 2835,13:07,2,Brussels-North,1,13:35,13:38,0,0,0,0,0
2026-08-16,Leuven,Brussels-South/Brussels-Midi,IC 2835,13:07,3,Brussels-Central,1,13:42,13:43,0,0,0,0,0
2026-08-16,Leuven,Brussels-South/Brussels-Midi,IC 2835,13:07,4,Brussels-South/Brussels-Midi,1,13:47,13:51,0,0,0,0,0
2026-08-16,Leuven,Brussels-South/Brussels-Midi,IC 3636,13:18,0,Leuven,1,13:18,13:18,0,0,0,0,0
2026-08-16,Leuven,Brussels-South/Brussels-Midi,IC 3636,13:18,1,Brussels-North,1,13:38,13:40,0,0,0,0,0
2026-08-16,Leuven,Brussels-South/Brussels-Midi,IC 3636,13:18,2,Brussels-Central,1,13:44,13:45,0,0,0,0,0
2026-08-16,Leuven,Brussels-South/Brussels-Midi,IC 3636,13:18,3,Brussels-South/Brussels-Midi,1,13:49,13:53,0,0,0,0,0
2026-08-16,Leuven,Brussels-South/Brussels-Midi,IC 535,13:34,0,Leuven,1,13:31,13:34,0,0,0,0,0
2026-08-16,Leuven,Brussels-South/Brussels-Midi,IC 535,13:34,1,Brussels-North,1,13:49,13:51,0,0,0,0,0
2026-08-16,Leuven,Brussels-South/Brussels-Midi,IC 535,13:34,2,Brussels-Central,1,13:55,13:56,0,0,0,0,0
2026-08-16,Leuven,Brussels-South/Brussels-Midi,IC 535,13:34,3,Brussels-South/Brussels-Midi,1,14:00,14:03,0,0,0,0,0
2026-08-16,Leuven,Brussels-South/Brussels-Midi,IC 1535,13:55,0,Leuven,1,13:53,13:55,0,0,0,0,0
2026-08-16,Leuven,Brussels-South/Brussels-Midi,IC 1535,13:55,1,Brussels-North,1,14:12,14:15,0,0,0,0,0
2026-08-16,Leuven,Brussels-South/Brussels-Midi,IC 1535,13:55,2,Brussels-Central,1,14:19,14:20,0,0,0,0,0
2026-08-16,Leuven,Brussels-South/Brussels-Midi,IC 1535,13:55,3,Brussels-South/Brussels-Midi,1,14:24,14:28,0,0,0,0,0
2026-08-16,Leuven,Brussels-South/Brussels-Midi,IC 2836,14:07,0,Leuven,1,14:04,14:07,0,0,0,0,0
2026-08-16,Leuven,Brussels-South/Brussels-Midi,IC 2836,14:07,1,Brussels Airport - Zaventem,0,14:20,14:24,0,0,0,0,0
2026-08-16,Leuven,Brussels-South/Brussels-Midi,IC 2836,14:07,2,Brussels-North,1,14:35,14:38,0,0,0,0,0
2026-08-16,Leuven,Brussels-South/Brussels-Midi,IC 2836,14:07,3,Brussels-Central,1,14:42,14:43,0,0,0,0,0
2026-08-16,Leuven,Brussels-South/Brussels-Midi,IC 2836,14:07,4,Brussels-South/Brussels-Midi,1,14:47,14:51,0,0,0,0,0
2026-08-16,Leuven,Brussels-South/Brussels-Midi,IC 3637,14:19,0,Leuven,1,14:19,14:19,0,0,0,0,0
2026-08-16,Leuven,Brussels-South/Brussels-Midi,IC 3637,14:19,1,Brussels-North,1,14:38,14:40,0,0,0,0,0
2026-08-16,Leuven,Brussels-South/Brussels-Midi,IC 3637,14:19,2,Brussels-Central,1,14:44,14:45,0,0,0,0,0
2026-08-16,Leuven,Brussels-South/Brussels-Midi,IC 3637,14:19,3,Brussels-South/Brussels-Midi,1,14:49,14:53,0,0,0,0,0
2026-08-16,Leuven,Brussels-South/Brussels-Midi,IC 536,14:34,0,Leuven,1,14:31,14:34,0,0,0,0,0
2026-08-16,Leuven,Brussels-South/Brussels-Midi,IC 536,14:34,1,Brussels-North,1,14:49,14:51,0,0,0,0,0
2026-08-16,Leuven,Brussels-South/Brussels-Midi,IC 536,14:34,2,Brussels-Central,1,14:55,14:56,0,0,0,0,0
2026-08-16,Leuven,Brussels-South/Brussels-Midi,IC 536,14:34,3,Brussels-South/Brussels-Midi,1,15:00,15:03,0,0,0,0,0
2026-08-16,Leuven,Brussels-South/Brussels-Midi,IC 1536,14:55,0,Leuven,1,14:53,14:55,0,0,0,0,0
2026-08-16,Leuven,Brussels-South/Brussels-Midi,IC 1536,14:55,1,Brussels-North,1,15:12,15:15,0,0,0,0,0
2026-08-16,Leuven,Brussels-South/Brussels-Midi,IC 1536,14:55,2,Brussels-Central,1,15:19,15:20,0,0,0,0,0
2026-08-16,Leuven,Brussels-South/Brussels-Midi,IC 1536,14:55,3,Brussels-South/Brussels-Midi,1,15:24,15:28,0,0,0,0,0
2026-08-16,Leuven,Brussels-South/Brussels-Midi,IC 2837,15:07,0,Leuven,1,15:04,15:07,0,0,0,0,0
2026-08-16,Leuven,Brussels-South/Brussels-Midi,IC 2837,15:07,1,Brussels Airport - Zaventem,0,15:20,15:24,0,0,0,0,0
2026-08-16,Leuven,Brussels-South/Brussels-Midi,IC 2837,15:07,2,Brussels-North,1,15:35,15:38,0,0,0,0,0
2026-08-16,Leuven,Brussels-South/Brussels-Midi,IC 2837,15:07,3,Brussels-Central,1,15:42,15:43,0,0,0,0,0
2026-08-16,Leuven,Brussels-South/Brussels-Midi,IC 2837,15:07,4,Brussels-South/Brussels-Midi,1,15:47,15:51,0,0,0,0,0
2026-08-16,Leuven,Brussels-South/Brussels-Midi,IC 3638,15:19,0,Leuven,1,15:19,15:19,0,0,0,0,0
2026-08-16,Leuven,Brussels-South/Brussels-Midi,IC 3638,15:19,1,Brussels-North,1,15:38,15:40,0,0,0,0,0
2026-08-16,Leuven,Brussels-South/Brussels-Midi,IC 3638,15:19,2,Brussels-Central,1,15:44,15:45,0,0,0,0,0
2026-08-16,Leuven,Brussels-South/Brussels-Midi,IC 3638,15:19,3,Brussels-South/Brussels-Midi,1,15:49,15:53,0,0,0,0,0
2026-08-16,Leuven,Brussels-South/Brussels-Midi,IC 537,15:34,0,Leuven,1,15:31,15:34,0,0,0,0,0
2026-08-16,Leuven,Brussels-South/Brussels-Midi,IC 537,15:34,1,Brussels-North,1,15:49,15:51,0,0,0,0,0
2026-08-16,Leuven,Brussels-South/Brussels-Midi,IC 537,15:34,2,Brussels-Central,1,15:55,15:56,0,0,0,0,0
2026-08-16,Leuven,Brussels-South/Brussels-Midi,IC 537,15:34,3,Brussels-South/Brussels-Midi,1,16:00,16:03,0,0,0,0,0
2026-08-16,Leuven,Brussels-South/Brussels-Midi,IC 1537,15:55,0,Leuven,1,15:53,15:55,0,0,0,0,0
2026-08-16,Leuven,Brussels-South/Brussels-Midi,IC 1537,15:55,1,Brussels-North,1,16:12,16:15,0,0,0,0,0
2026-08-16,Leuven,Brussels-South/Brussels-Midi,IC 1537,15:55,2,Brussels-Central,1,16:19,16:20,0,0,0,0,0
2026-08-16,Leuven,Brussels-South/Brussels-Midi,IC 1537,15:55,3,Brussels-South/Brussels-Midi,1,16:24,16:28,0,0,0,0,0
2026-08-16,Leuven,Brussels-South/Brussels-Midi,IC 2838,16:07,0,Leuven,1,16:04,16:07,0,0,0,0,0
2026-08-16,Leuven,Brussels-South/Brussels-Midi,IC 2838,16:07,1,Brussels Airport - Zaventem,0,16:20,16:24,0,0,0,0,0
2026-08-16,Leuven,Brussels-South/Brussels-Midi,IC 2838,16:07,2,Brussels-North,1,16:35,16:38,0,0,0,0,0
2026-08-16,Leuven,Brussels-South/Brussels-Midi,IC 2838,16:07,3,Brussels-Central,1,16:42,16:43,0,0,0,0,0
2026-08-16,Leuven,Brussels-South/Brussels-Midi,IC 2838,16:07,4,Brussels-South/Brussels-Midi,1,16:47,16:51,0,0,0,0,0
2026-08-16,Leuven,Brussels-South/Brussels-Midi,IC 3639,16:19,0,Leuven,1,16:19,16:19,0,0,0,0,0
2026-08-16,Leuven,Brussels-South/Brussels-Midi,IC 3639,16:19,1,Brussels-North,1,16:38,16:40,0,0,0,0,0
2026-08-16,Leuven,Brussels-South/Brussels-Midi,IC 3639,16:19,2,Brussels-Central,1,16:44,16:45,0,0,0,0,0
2026-08-16,Leuven,Brussels-South/Brussels-Midi,IC 3639,16:19,3,Brussels-South/Brussels-Midi,1,16:49,16:53,0,0,0,0,0
2026-08-16,Leuven,Brussels-South/Brussels-Midi,IC 538,16:34,0,Leuven,1,16:31,16:34,0,0,0,0,0
2026-08-16,Leuven,Brussels-South/Brussels-Midi,IC 538,16:34,1,Brussels-North,1,16:49,16:51,0,0,0,0,0
2026-08-16,Leuven,Brussels-South/Brussels-Midi,IC 538,16:34,2,Brussels-Central,1,16:55,16:56,0,0,0,0,0
2026-08-16,Leuven,Brussels-South/Brussels-Midi,IC 538,16:34,3,Brussels-South/Brussels-Midi,1,17:00,17:03,0,0,0,0,0
2026-08-16,Leuven,Brussels-South/Brussels-Midi,IC 1538,16:55,0,Leuven,1,16:53,16:55,0,0,0,0,0
2026-08-16,Leuven,Brussels-South/Brussels-Midi,IC 1538,16:55,1,Brussels-North,1,17:12,17:15,0,0,0,0,0
2026-08-16,Leuven,Brussels-South/Brussels-Midi,IC 1538,16:55,2,Brussels-Central,1,17:19,17:20,0,0,0,0,0
2026-08-16,Leuven,Brussels-South/Brussels-Midi,IC 1538,16:55,3,Brussels-South/Brussels-Midi,1,17:24,17:28,0,0,0,0,0
2026-08-16,Leuven,Brussels-South/Brussels-Midi,IC 2839,17:07,0,Leuven,1,17:04,17:07,0,0,0,0,0
2026-08-16,Leuven,Brussels-South/Brussels-Midi,IC 2839,17:07,1,Brussels Airport - Zaventem,0,17:20,17:24,0,0,0,0,0
2026-08-16,Leuven,Brussels-South/Brussels-Midi,IC 2839,17:07,2,Brussels-North,1,17:35,17:38,0,0,0,0,0
2026-08-16,Leuven,Brussels-South/Brussels-Midi,IC 2839,17:07,3,Brussels-Central,1,17:42,17:43,0,0,0,0,0
2026-08-16,Leuven,Brussels-South/Brussels-Midi,IC 2839,17:07,4,Brussels-South/Brussels-Midi,1,17:47,17:51,0,0,0,0,0
2026-08-16,Leuven,Brussels-South/Brussels-Midi,IC 3640,17:18,0,Leuven,1,17:18,17:18,0,0,0,0,0
2026-08-16,Leuven,Brussels-South/Brussels-Midi,IC 3640,17:18,1,Brussels-North,1,17:38,17:40,0,0,0,0,0
2026-08-16,Leuven,Brussels-South/Brussels-Midi,IC 3640,17:18,2,Brussels-Central,1,17:44,17:45,0,0,0,0,0
2026-08-16,Leuven,Brussels-South/Brussels-Midi,IC 3640,17:18,3,Brussels-South/Brussels-Midi,1,17:49,17:53,0,0,0,0,0
2026-08-16,Leuven,Brussels-South/Brussels-Midi,T 18023,17:25,0,Leuven,1,17:23,17:25,0,0,0,0,0
2026-08-16,Leuven,Brussels-South/Brussels-Midi,T 18023,17:25,1,Brussels-North,1,17:42,17:44,0,0,0,0,0
2026-08-16,Leuven,Brussels-South/Brussels-Midi,T 18023,17:25,2,Brussels-Central,1,17:48,17:49,0,0,0,0,0
2026-08-16,Leuven,Brussels-South/Brussels-Midi,T 18023,17:25,3,Brussels-South/Brussels-Midi,1,17:53,17:53,0,0,0,0,0
2026-08-16,Leuven,Brussels-South/Brussels-Midi,IC 539,17:34,0,Leuven,1,17:31,17:34,0,0,0,0,0
2026-08-16,Leuven,Brussels-South/Brussels-Midi,IC 539,17:34,1,Brussels-North,1,17:49,17:51,0,0,0,0,0
2026-08-16,Leuven,Brussels-South/Brussels-Midi,IC 539,17:34,2,Brussels-Central,1,17:55,17:56,0,0,0,0,0
2026-08-16,Leuven,Brussels-South/Brussels-Midi,IC 539,17:34,3,Brussels-South/Brussels-Midi,1,18:00,18:03,0,0,0,0,0
2026-08-16,Leuven,Brussels-South/Brussels-Midi,IC 1539,17:55,0,Leuven,1,17:53,17:55,0,0,0,0,0
2026-08-16,Leuven,Brussels-South/Brussels-Midi,IC 1539,17:55,1,Brussels-North,1,18:12,18:15,0,0,0,0,0
2026-08-16,Leuven,Brussels-South/Brussels-Midi,IC 1539,17:55,2,Brussels-Central,1,18:19,18:20,0,0,0,0,0
2026-08-16,Leuven,Brussels-South/Brussels-Midi,IC 1539,17:55,3,Brussels-South/Brussels-Midi,1,18:24,18:28,0,0,0,0,0
2026-08-16,Leuven,Brussels-South/Brussels-Midi,IC 2840,18:07,0,Leuven,1,18:04,18:07,0,0,0,0,0
2026-08-16,Leuven,Brussels-South/Brussels-Midi,IC 2840,18:07,1,Brussels Airport - Zaventem,0,18:20,18:24,0,0,0,0,0
2026-08-16,Leuven,Brussels-South/Brussels-Midi,IC 2840,18:07,2,Brussels-North,1,18:35,18:38,0,0,0,0,0
2026-08-16,Leuven,Brussels-South/Brussels-Midi,IC 2840,18:07,3,Brussels-Central,1,18:42,18:43,0,0,0,0,0
2026-08-16,Leuven,Brussels-South/Brussels-Midi,IC 2840,18:07,4,Brussels-South/Brussels-Midi,1,18:47,18:51,0,0,0,0,0
2026-08-16,Leuven,Brussels-South/Brussels-Midi,IC 3641,18:18,0,Leuven,1,18:18,18:18,0,0,0,0,0
2026-08-16,Leuven,Brussels-South/Brussels-Midi,IC 3641,18:18,1,Brussels-North,1,18:38,18:40,0,0,0,0,0
2026-08-16,Leuven,Brussels-South/Brussels-Midi,IC 3641,18:18,2,Brussels-Central,1,18:44,18:45,0,0,0,0,0
2026-08-16,Leuven,Brussels-South/Brussels-Midi,IC 3641,18:18,3,Brussels-South/Brussels-Midi,1,18:49,18:53,0,0,0,0,0
2026-08-16,Leuven,Brussels-South/Brussels-Midi,T 18025,18:25,0,Leuven,1,18:23,18:25,0,0,0,0,0
2026-08-16,Leuven,Brussels-South/Brussels-Midi,T 18025,18:25,1,Brussels-North,1,18:42,18:44,0,0,0,0,0
2026-08-16,Leuven,Brussels-South/Brussels-Midi,T 18025,18:25,2,Brussels-Central,1,18:48,18:49,0,0,0,0,0
2026-08-16,Leuven,Brussels-South/Brussels-Midi,T 18025,18:25,3,Brussels-South/Brussels-Midi,1,18:53,18:53,0,0,0,0,0
2026-08-16,Leuven,Brussels-South/Brussels-Midi,IC 540,18:34,0,Leuven,1,18:31,18:34,0,0,0,0,0
2026-08-16,Leuven,Brussels-South/Brussels-Midi,IC 540,18:34,1,Brussels-North,1,18:49,18:51,0,0,0,0,0
2026-08-16,Leuven,Brussels-South/Brussels-Midi,IC 540,18:34,2,Brussels-Central,1,18:55,18:56,0,0,0,0,0
2026-08-16,Leuven,Brussels-South/Brussels-Midi,IC 540,18:34,3,Brussels-South/Brussels-Midi,1,19:00,19:03,0,0,0,0,0
2026-08-16,Leuven,Brussels-South/Brussels-Midi,IC 1540,18:55,0,Leuven,1,18:53,18:55,0,0,0,0,0
2026-08-16,Leuven,Brussels-South/Brussels-Midi,IC 1540,18:55,1,Brussels-North,1,19:12,19:15,0,0,0,0,0
2026-08-16,Leuven,Brussels-South/Brussels-Midi,IC 1540,18:55,2,Brussels-Central,1,19:19,19:20,0,0,0,0,0
2026-08-16,Leuven,Brussels-South/Brussels-Midi,IC 1540,18:55,3,Brussels-South/Brussels-Midi,1,19:24,19:28,0,0,0,0,0
2026-08-16,Leuven,Brussels-South/Brussels-Midi,IC 2841,19:07,0,Leuven,1,19:04,19:07,0,0,0,0,0
2026-08-16,Leuven,Brussels-South/Brussels-Midi,IC 2841,19:07,1,Brussels Airport - Zaventem,0,19:20,19:24,0,0,0,0,0
2026-08-16,Leuven,Brussels-South/Brussels-Midi,IC 2841,19:07,2,Brussels-North,1,19:35,19:38,0,0,0,0,0
2026-08-16,Leuven,Brussels-South/Brussels-Midi,IC 2841,19:07,3,Brussels-Central,1,19:42,19:43,0,0,0,0,0
2026-08-16,Leuven,Brussels-South/Brussels-Midi,IC 2841,19:07,4,Brussels-South/Brussels-Midi,1,19:47,19:51,0,0,0,0,0
2026-08-16,Leuven,Brussels-South/Brussels-Midi,IC 3642,19:18,0,Leuven,1,19:18,19:18,0,0,0,0,0
2026-08-16,Leuven,Brussels-South/Brussels-Midi,IC 3642,19:18,1,Brussels-North,1,19:38,19:40,0,0,0,0,0
2026-08-16,Leuven,Brussels-South/Brussels-Midi,IC 3642,19:18,2,Brussels-Central,1,19:44,19:45,0,0,0,0,0
2026-08-16,Leuven,Brussels-South/Brussels-Midi,IC 3642,19:18,3,Brussels-South/Brussels-Midi,1,19:49,19:53,0,0,0,0,0
2026-08-16,Leuven,Brussels-South/Brussels-Midi,T 18027,19:25,0,Leuven,1,19:23,19:25,0,0,0,0,0
2026-08-16,Leuven,Brussels-South/Brussels-Midi,T 18027,19:25,1,Brussels-North,1,19:42,19:44,0,0,0,0,0
2026-08-16,Leuven,Brussels-South/Brussels-Midi,T 18027,19:25,2,Brussels-Central,1,19:48,19:49,0,0,0,0,0
2026-08-16,Leuven,Brussels-South/Brussels-Midi,T 18027,19:25,3,Brussels-South/Brussels-Midi,1,19:53,19:53,0,0,0,0,0
2026-08-16,Leuven,Brussels-South/Brussels-Midi,IC 541,19:34,0,Leuven,1,19:31,19:34,0,0,0,0,0
2026-08-16,Leuven,Brussels-South/Brussels-Midi,IC 541,19:34,1,Brussels-North,1,19:49,19:51,0,0,0,0,0
2026-08-16,Leuven,Brussels-South/Brussels-Midi,IC 541,19:34,2,Brussels-Central,1,19:55,19:56,0,0,0,0,0
2026-08-16,Leuven,Brussels-South/Brussels-Midi,IC 541,19:34,3,Brussels-South/Brussels-Midi,1,20:00,20:03,0,0,0,0,0
2026-08-16,Leuven,Brussels-South/Brussels-Midi,IC 1541,19:55,0,Leuven,1,19:53,19:55,0,0,0,0,0
2026-08-16,Leuven,Brussels-South/Brussels-Midi,IC 1541,19:55,1,Brussels-North,1,20:12,20:15,0,0,0,0,0
2026-08-16,Leuven,Brussels-South/Brussels-Midi,IC 1541,19:55,2,Brussels-Central,1,20:19,20:20,0,0,0,0,0
2026-08-16,Leuven,Brussels-South/Brussels-Midi,IC 1541,19:55,3,Brussels-South/Brussels-Midi,1,20:24,20:28,0,0,0,0,0
2026-08-16,Leuven,Brussels-South/Brussels-Midi,IC 2842,20:07,0,Leuven,1,20:04,20:07,0,0,0,0,0
2026-08-16,Leuven,Brussels-South/Brussels-Midi,IC 2842,20:07,1,Brussels Airport - Zaventem,0,20:20,20:24,0,0,0,0,0
2026-08-16,Leuven,Brussels-South/Brussels-Midi,IC 2842,20:07,2,Brussels-North,1,20:35,20:38,0,0,0,0,0
2026-08-16,Leuven,Brussels-South/Brussels-Midi,IC 2842,20:07,3,Brussels-Central,1,20:42,20:43,0,0,0,0,0
2026-08-16,Leuven,Brussels-South/Brussels-Midi,IC 2842,20:07,4,Brussels-South/Brussels-Midi,1,20:47,20:51,0,0,0,0,0
2026-08-16,Leuven,Brussels-South/Brussels-Midi,IC 3643,20:18,0,Leuven,1,20:18,20:18,0,0,0,0,0
2026-08-16,Leuven,Brussels-South/Brussels-Midi,IC 3643,20:18,1,Brussels-North,1,20:38,20:40,0,0,0,0,0
2026-08-16,Leuven,Brussels-South/Brussels-Midi,IC 3643,20:18,2,Brussels-Central,1,20:44,20:45,0,0,0,0,0
2026-08-16,Leuven,Brussels-South/Brussels-Midi,IC 3643,20:18,3,Brussels-South/Brussels-Midi,1,20:49,20:53,0,0,0,0,0
2026-08-16,Leuven,Brussels-South/Brussels-Midi,T 18029,20:25,0,Leuven,1,20:23,20:25,0,0,0,0,0
2026-08-16,Leuven,Brussels-South/Brussels-Midi,T 18029,20:25,1,Brussels-North,1,20:42,20:44,0,0,0,0,0
2026-08-16,Leuven,Brussels-South/Brussels-Midi,T 18029,20:25,2,Brussels-Central,1,20:48,20:49,0,0,0,0,0
2026-08-16,Leuven,Brussels-South/Brussels-Midi,T 18029,20:25,3,Brussels-South/Brussels-Midi,1,20:53,20:53,0,0,0,0,0
2026-08-16,Leuven,Brussels-South/Brussels-Midi,IC 542,20:34,0,Leuven,1,20:31,20:34,0,0,0,0,0
2026-08-16,Leuven,Brussels-South/Brussels-Midi,IC 542,20:34,1,Brussels-North,1,20:49,20:51,0,0,0,0,0
2026-08-16,Leuven,Brussels-South/Brussels-Midi,IC 542,20:34,2,Brussels-Central,1,20:55,20:56,0,0,0,0,0
2026-08-16,Leuven,Brussels-South/Brussels-Midi,IC 542,20:34,3,Brussels-South/Brussels-Midi,1,21:00,21:03,0,0,0,0,0
2026-08-16,Leuven,Brussels-South/Brussels-Midi,IC 1542,20:55,0,Leuven,1,20:53,20:55,0,0,0,0,0
2026-08-16,Leuven,Brussels-South/Brussels-Midi,IC 1542,20:55,1,Brussels-North,1,21:12,21:16,0,0,0,0,0
2026-08-16,Leuven,Brussels-South/Brussels-Midi,IC 1542,20:55,2,Brussels-Central,1,21:20,21:21,0,0,0,0,0
2026-08-16,Leuven,Brussels-South/Brussels-Midi,IC 1542,20:55,3,Brussels-South/Brussels-Midi,1,21:25,21:28,0,0,0,0,0
2026-08-16,Leuven,Brussels-South/Brussels-Midi,IC 2843,21:07,0,Leuven,1,21:04,21:07,0,0,0,0,0
2026-08-16,Leuven,Brussels-South/Brussels-Midi,IC 2843,21:07,1,Brussels Airport - Zaventem,0,21:20,21:24,0,0,0,0,0
2026-08-16,Leuven,Brussels-South/Brussels-Midi,IC 2843,21:07,2,Brussels-North,1,21:35,21:38,0,0,0,0,0
2026-08-16,Leuven,Brussels-South/Brussels-Midi,IC 2843,21:07,3,Brussels-Central,1,21:42,21:43,0,0,0,0,0
2026-08-16,Leuven,Brussels-South/Brussels-Midi,IC 2843,21:07,4,Brussels-South/Brussels-Midi,1,21:47,21:51,0,0,0,0,0
2026-08-16,Leuven,Brussels-South/Brussels-Midi,IC 3644,21:19,0,Leuven,1,21:19,21:19,0,0,0,0,0
2026-08-16,Leuven,Brussels-South/Brussels-Midi,IC 3644,21:19,1,Brussels-North,1,21:38,21:40,0,0,0,0,0
2026-08-16,Leuven,Brussels-South/Brussels-Midi,IC 3644,21:19,2,Brussels-Central,1,21:44,21:45,0,0,0,0,0
2026-08-16,Leuven,Brussels-South/Brussels-Midi,IC 3644,21:19,3,Brussels-South/Brussels-Midi,1,21:49,21:53,0,0,0,0,0
2026-08-16,Leuven,Brussels-South/Brussels-Midi,IC 543,21:34,0,Leuven,1,21:31,21:34,0,0,0,0,0
2026-08-16,Leuven,Brussels-South/Brussels-Midi,IC 543,21:34,1,Brussels-North,1,21:49,21:51,0,0,0,0,0
2026-08-16,Leuven,Brussels-South/Brussels-Midi,IC 543,21:34,2,Brussels-Central,1,21:55,21:56,0,0,0,0,0
2026-08-16,Leuven,Brussels-South/Brussels-Midi,IC 543,21:34,3,Brussels-South/Brussels-Midi,1,22:00,22:03,0,0,0,0,0
2026-08-16,Leuven,Brussels-South/Brussels-Midi,IC 1543,21:55,0,Leuven,1,21:53,21:55,0,0,0,0,0
2026-08-16,Leuven,Brussels-South/Brussels-Midi,IC 1543,21:55,1,Brussels-North,1,22:12,22:15,0,0,0,0,0
2026-08-16,Leuven,Brussels-South/Brussels-Midi,IC 1543,21:55,2,Brussels-Central,1,22:19,22:20,0,0,0,0,0
2026-08-16,Leuven,Brussels-South/Brussels-Midi,IC 1543,21:55,3,Brussels-South/Brussels-Midi,1,22:24,22:28,0,0,0,0,0
2026-08-16,Leuven,Brussels-South/Brussels-Midi,IC 2844,22:07,0,Leuven,1,22:04,22:07,0,0,0,0,0
2026-08-16,Leuven,Brussels-South/Brussels-Midi,IC 2844,22:07,1,Brussels Airport - Zaventem,0,22:20,22:24,0,0,0,0,0
2026-08-16,Leuven,Brussels-South/Brussels-Midi,IC 2844,22:07,2,Brussels-North,1,22:35,22:38,0,0,0,0,0
2026-08-16,Leuven,Brussels-South/Brussels-Midi,IC 2844,22:07,3,Brussels-Central,1,22:42,22:43,0,0,0,0,0
2026-08-16,Leuven,Brussels-South/Brussels-Midi,IC 2844,22:07,4,Brussels-South/Brussels-Midi,1,22:47,22:47,0,0,0,0,0
2026-08-16,Leuven,Brussels-South/Brussels-Midi,IC 544,22:34,0,Leuven,1,22:31,22:34,0,0,0,0,0
2026-08-16,Leuven,Brussels-South/Brussels-Midi,IC 544,22:34,1,Brussels-North,1,22:49,22:51,0,0,0,0,0
2026-08-16,Leuven,Brussels-South/Brussels-Midi,IC 544,22:34,2,Brussels-Central,1,22:55,22:56,0,0,0,0,0
2026-08-16,Leuven,Brussels-South/Brussels-Midi,IC 544,22:34,3,Brussels-South/Brussels-Midi,1,23:00,23:03,0,0,0,0,0
2026-08-16,Leuven,Brussels-South/Brussels-Midi,IC 1544,22:55,0,Leuven,1,22:53,22:55,0,0,0,0,0
2026-08-16,Leuven,Brussels-South/Brussels-Midi,IC 1544,22:55,1,Brussels-North,1,23:12,23:15,0,0,0,0,0
2026-08-16,Leuven,Brussels-South/Brussels-Midi,IC 1544,22:55,2,Brussels-Central,1,23:19,23:20,0,0,0,0,0
2026-08-16,Leuven,Brussels-South/Brussels-Midi,IC 1544,22:55,3,Brussels-South/Brussels-Midi,1,23:24,23:28,0,0,0,0,0
2026-08-16,Leuven,Halle,S2 3777,06:11,0,Leuven,1,06:11,06:11,0,0,0,0,0
2026-08-16,Leuven,Halle,S2 3777,06:11,1,Herent,0,06:16,06:17,0,0,0,0,0
2026-08-16,Leuven,Halle,S2 3777,06:11,2,Veltem,0,06:20,06:20,0,0,0,0,0
2026-08-16,Leuven,Halle,S2 3777,06:11,3,Erps-Kwerps,0,06:23,06:24,0,0,0,0,0
2026-08-16,Leuven,Halle,S2 3777,06:11,4,Kortenberg,0,06:27,06:28,0,0,0,0,0
2026-08-16,Leuven,Halle,S2 3777,06:11,5,Nossegem,0,06:31,06:31,0,0,0,0,0
2026-08-16,Leuven,Halle,S2 3777,06:11,6,Zaventem,0,06:34,06:36,0,0,0,0,0
2026-08-16,Leuven,Halle,S2 3777,06:11,7,Diegem,0,06:38,06:39,0,0,0,0,0
2026-08-16,Leuven,Halle,S2 3777,06:11,8,Haren-Sud/Haren-Zuid,0,06:42,06:42,0,0,0,0,0
2026-08-16,Leuven,Halle,S2 3777,06:11,9,Schaarbeek/Schaerbeek,0,06:45,06:46,0,0,0,0,0
2026-08-16,Leuven,Halle,S2 3777,06:11,10,Brussels-North,1,06:50,06:52,0,0,0,0,0
2026-08-16,Leuven,Halle,S2 3777,06:11,11,Brussels-Central,1,06:55,06:56,0,0,0,0,0
2026-08-16,Leuven,Halle,S2 3777,06:11,12,Brussels-South/Brussels-Midi,1,07:00,07:03,0,0,0,0,0
2026-08-16,Leuven,Halle,S2 3777,06:11,13,Vorst-Zuid/Forest-Midi,0,07:07,07:08,0,0,0,0,0
2026-08-16,Leuven,Halle,S2 3777,06:11,14,Ruisbroek,0,07:10,07:11,0,0,0,0,0
2026-08-16,Leuven,Halle,S2 3777,06:11,15,Lot,0,07:14,07:15,0,0,0,0,0
2026-08-16,Leuven,Halle,S2 3777,06:11,16,Buizingen,0,07:17,07:18,0,0,0,0,0
2026-08-16,Leuven,Halle,S2 3777,06:11,17,Halle,1,07:20,07:22,0,0,0,0,0
2026-08-16,Leuven,Halle,S2 3778,07:11,0,Leuven,1,07:11,07:11,0,0,0,0,0
2026-08-16,Leuven,Halle,S2 3778,07:11,1,Herent,0,07:16,07:17,0,0,0,0,0
2026-08-16,Leuven,Halle,S2 3778,07:11,2,Veltem,0,07:20,07:20,0,0,0,0,0
2026-08-16,Leuven,Halle,S2 3778,07:11,3,Erps-Kwerps,0,07:23,07:24,0,0,0,0,0
2026-08-16,Leuven,Halle,S2 3778,07:11,4,Kortenberg,0,07:27,07:28,0,0,0,0,0
2026-08-16,Leuven,Halle,S2 3778,07:11,5,Nossegem,0,07:31,07:31,0,0,0,0,0
2026-08-16,Leuven,Halle,S2 3778,07:11,6,Zaventem,0,07:34,07:36,0,0,0,0,0
2026-08-16,Leuven,Halle,S2 3778,07:11,7,Diegem,0,07:38,07:39,0,0,0,0,0
2026-08-16,Leuven,Halle,S2 3778,07:11,8,Haren-Sud/Haren-Zuid,0,07:42,07:42,0,0,0,0,0
2026-08-16,Leuven,Halle,S2 3778,07:11,9,Schaarbeek/Schaerbeek,0,07:45,07:46,0,0,0,0,0
2026-08-16,Leuven,Halle,S2 3778,07:11,10,Brussels-North,1,07:50,07:53,0,0,0,0,0
2026-08-16,Leuven,Halle,S2 3778,07:11,11,Brussels-Central,1,07:56,07:57,0,0,0,0,0
2026-08-16,Leuven,Halle,S2 3778,07:11,12,Brussels-South/Brussels-Midi,1,08:00,08:03,0,0,0,0,0
2026-08-16,Leuven,Halle,S2 3778,07:11,13,Vorst-Zuid/Forest-Midi,0,08:07,08:08,0,0,0,0,0
2026-08-16,Leuven,Halle,S2 3778,07:11,14,Ruisbroek,0,08:10,08:11,0,0,0,0,0
2026-08-16,Leuven,Halle,S2 3778,07:11,15,Lot,0,08:14,08:15,0,0,0,0,0
2026-08-16,Leuven,Halle,S2 3778,07:11,16,Buizingen,0,08:17,08:18,0,0,0,0,0
2026-08-16,Leuven,Halle,S2 3778,07:11,17,Halle,1,08:20,08:22,0,0,0,0,0
2026-08-16,Leuven,Halle,S2 3779,08:11,0,Leuven,1,08:11,08:11,0,0,0,0,0
2026-08-16,Leuven,Halle,S2 3779,08:11,1,Herent,0,08:16,08:17,0,0,0,0,0
2026-08-16,Leuven,Halle,S2 3779,08:11,2,Veltem,0,08:20,08:20,0,0,0,0,0
2026-08-16,Leuven,Halle,S2 3779,08:11,3,Erps-Kwerps,0,08:23,08:24,0,0,0,0,0
2026-08-16,Leuven,Halle,S2 3779,08:11,4,Kortenberg,0,08:27,08:28,0,0,0,0,0
2026-08-16,Leuven,Halle,S2 3779,08:11,5,Nossegem,0,08:31,08:31,0,0,0,0,0
2026-08-16,Leuven,Halle,S2 3779,08:11,6,Zaventem,0,08:34,08:36,0,0,0,0,0
2026-08-16,Leuven,Halle,S2 3779,08:11,7,Diegem,0,08:38,08:39,0,0,0,0,0
2026-08-16,Leuven,Halle,S2 3779,08:11,8,Haren-Sud/Haren-Zuid,0,08:42,08:42,0,0,0,0,0
2026-08-16,Leuven,Halle,S2 3779,08:11,9,Schaarbeek/Schaerbeek,0,08:45,08:46,0,0,0,0,0
2026-08-16,Leuven,Halle,S2 3779,08:11,10,Brussels-North,1,08:50,08:52,0,0,0,0,0
2026-08-16,Leuven,Halle,S2 3779,08:11,11,Brussels-Central,1,08:55,08:56,0,0,0,0,0
2026-08-16,Leuven,Halle,S2 3779,08:11,12,Brussels-South/Brussels-Midi,1,09:00,09:03,0,0,0,0,0
2026-08-16,Leuven,Halle,S2 3779,08:11,13,Vorst-Zuid/Forest-Midi,0,09:07,09:08,0,0,0,0,0
2026-08-16,Leuven,Halle,S2 3779,08:11,14,Ruisbroek,0,09:10,09:11,0,0,0,0,0
2026-08-16,Leuven,Halle,S2 3779,08:11,15,Lot,0,09:14,09:15,0,0,0,0,0
2026-08-16,Leuven,Halle,S2 3779,08:11,16,Buizingen,0,09:17,09:18,0,0,0,0,0
2026-08-16,Leuven,Halle,S2 3779,08:11,17,Halle,1,09:20,09:22,0,0,0,0,0
2026-08-16,Leuven,Halle,S2 3780,09:11,0,Leuven,1,09:11,09:11,0,0,0,0,0
2026-08-16,Leuven,Halle,S2 3780,09:11,1,Herent,0,09:16,09:17,0,0,0,0,0
2026-08-16,Leuven,Halle,S2 3780,09:11,2,Veltem,0,09:20,09:20,0,0,0,0,0
2026-08-16,Leuven,Halle,S2 3780,09:11,3,Erps-Kwerps,0,09:23,09:24,0,0,0,0,0
2026-08-16,Leuven,Halle,S2 3780,09:11,4,Kortenberg,0,09:27,09:28,0,0,0,0,0
2026-08-16,Leuven,Halle,S2 3780,09:11,5,Nossegem,0,09:31,09:31,0,0,0,0,0
2026-08-16,Leuven,Halle,S2 3780,09:11,6,Zaventem,0,09:34,09:36,0,0,0,0,0
2026-08-16,Leuven,Halle,S2 3780,09:11,7,Diegem,0,09:38,09:39,0,0,0,0,0
2026-08-16,Leuven,Halle,S2 3780,09:11,8,Haren-Sud/Haren-Zuid,0,09:42,09:42,0,0,0,0,0
2026-08-16,Leuven,Halle,S2 3780,09:11,9,Schaarbeek/Schaerbeek,0,09:45,09:46,0,0,0,0,0
2026-08-16,Leuven,Halle,S2 3780,09:11,10,Brussels-North,1,09:50,09:52,0,0,0,0,0
2026-08-16,Leuven,Halle,S2 3780,09:11,11,Brussels-Central,1,09:55,09:56,0,0,0,0,0
2026-08-16,Leuven,Halle,S2 3780,09:11,12,Brussels-South/Brussels-Midi,1,10:00,10:03,0,0,0,0,0
2026-08-16,Leuven,Halle,S2 3780,09:11,13,Vorst-Zuid/Forest-Midi,0,10:07,10:08,0,0,0,0,0
2026-08-16,Leuven,Halle,S2 3780,09:11,14,Ruisbroek,0,10:10,10:11,0,0,0,0,0
2026-08-16,Leuven,Halle,S2 3780,09:11,15,Lot,0,10:14,10:15,0,0,0,0,0
2026-08-16,Leuven,Halle,S2 3780,09:11,16,Buizingen,0,10:17,10:18,0,0,0,0,0
2026-08-16,Leuven,Halle,S2 3780,09:11,17,Halle,1,10:20,10:22,0,0,0,0,0
2026-08-16,Leuven,Halle,S2 3781,10:11,0,Leuven,1,10:11,10:11,0,0,0,0,0
2026-08-16,Leuven,Halle,S2 3781,10:11,1,Herent,0,10:16,10:17,0,0,0,0,0
2026-08-16,Leuven,Halle,S2 3781,10:11,2,Veltem,0,10:20,10:20,0,0,0,0,0
2026-08-16,Leuven,Halle,S2 3781,10:11,3,Erps-Kwerps,0,10:23,10:24,0,0,0,0,0
2026-08-16,Leuven,Halle,S2 3781,10:11,4,Kortenberg,0,10:27,10:28,0,0,0,0,0
2026-08-16,Leuven,Halle,S2 3781,10:11,5,Nossegem,0,10:31,10:31,0,0,0,0,0
2026-08-16,Leuven,Halle,S2 3781,10:11,6,Zaventem,0,10:34,10:36,0,0,0,0,0
2026-08-16,Leuven,Halle,S2 3781,10:11,7,Diegem,0,10:38,10:39,0,0,0,0,0
2026-08-16,Leuven,Halle,S2 3781,10:11,8,Haren-Sud/Haren-Zuid,0,10:42,10:42,0,0,0,0,0
2026-08-16,Leuven,Halle,S2 3781,10:11,9,Schaarbeek/Schaerbeek,0,10:45,10:46,0,0,0,0,0
2026-08-16,Leuven,Halle,S2 3781,10:11,10,Brussels-North,1,10:50,10:52,0,0,0,0,0
2026-08-16,Leuven,Halle,S2 3781,10:11,11,Brussels-Central,1,10:55,10:56,0,0,0,0,0
2026-08-16,Leuven,Halle,S2 3781,10:11,12,Brussels-South/Brussels-Midi,1,11:00,11:03,0,0,0,0,0
2026-08-16,Leuven,Halle,S2 3781,10:11,13,Vorst-Zuid/Forest-Midi,0,11:07,11:08,0,0,0,0,0
2026-08-16,Leuven,Halle,S2 3781,10:11,14,Ruisbroek,0,11:10,11:11,0,0,0,0,0
2026-08-16,Leuven,Halle,S2 3781,10:11,15,Lot,0,11:14,11:15,0,0,0,0,0
2026-08-16,Leuven,Halle,S2 3781,10:11,16,Buizingen,0,11:17,11:18,0,0,0,0,0
2026-08-16,Leuven,Halle,S2 3781,10:11,17,Halle,1,11:20,11:22,0,0,0,0,0
2026-08-16,Leuven,Halle,S2 3782,11:11,0,Leuven,1,11:11,11:11,0,0,0,0,0
2026-08-16,Leuven,Halle,S2 3782,11:11,1,Herent,0,11:16,11:17,0,0,0,0,0
2026-08-16,Leuven,Halle,S2 3782,11:11,2,Veltem,0,11:20,11:20,0,0,0,0,0
2026-08-16,Leuven,Halle,S2 3782,11:11,3,Erps-Kwerps,0,11:23,11:24,0,0,0,0,0
2026-08-16,Leuven,Halle,S2 3782,11:11,4,Kortenberg,0,11:27,11:28,0,0,0,0,0
2026-08-16,Leuven,Halle,S2 3782,11:11,5,Nossegem,0,11:31,11:31,0,0,0,0,0
2026-08-16,Leuven,Halle,S2 3782,11:11,6,Zaventem,0,11:34,11:36,0,0,0,0,0
2026-08-16,Leuven,Halle,S2 3782,11:11,7,Diegem,0,11:38,11:39,0,0,0,0,0
2026-08-16,Leuven,Halle,S2 3782,11:11,8,Haren-Sud/Haren-Zuid,0,11:42,11:42,0,0,0,0,0
2026-08-16,Leuven,Halle,S2 3782,11:11,9,Schaarbeek/Schaerbeek,0,11:45,11:46,0,0,0,0,0
2026-08-16,Leuven,Halle,S2 3782,11:11,10,Brussels-North,1,11:50,11:52,0,0,0,0,0
2026-08-16,Leuven,Halle,S2 3782,11:11,11,Brussels-Central,1,11:55,11:56,0,0,0,0,0
2026-08-16,Leuven,Halle,S2 3782,11:11,12,Brussels-South/Brussels-Midi,1,12:00,12:03,0,0,0,0,0
2026-08-16,Leuven,Halle,S2 3782,11:11,13,Vorst-Zuid/Forest-Midi,0,12:07,12:08,0,0,0,0,0
2026-08-16,Leuven,Halle,S2 3782,11:11,14,Ruisbroek,0,12:10,12:11,0,0,0,0,0
2026-08-16,Leuven,Halle,S2 3782,11:11,15,Lot,0,12:14,12:15,0,0,0,0,0
2026-08-16,Leuven,Halle,S2 3782,11:11,16,Buizingen,0,12:17,12:18,0,0,0,0,0
2026-08-16,Leuven,Halle,S2 3782,11:11,17,Halle,1,12:20,12:22,0,0,0,0,0
2026-08-16,Leuven,Halle,S2 3783,12:11,0,Leuven,1,12:11,12:11,0,0,0,0,0
2026-08-16,Leuven,Halle,S2 3783,12:11,1,Herent,0,12:16,12:17,0,0,0,0,0
2026-08-16,Leuven,Halle,S2 3783,12:11,2,Veltem,0,12:20,12:20,0,0,0,0,0
2026-08-16,Leuven,Halle,S2 3783,12:11,3,Erps-Kwerps,0,12:23,12:24,0,0,0,0,0
2026-08-16,Leuven,Halle,S2 3783,12:11,4,Kortenberg,0,12:27,12:28,0,0,0,0,0
2026-08-16,Leuven,Halle,S2 3783,12:11,5,Nossegem,0,12:31,12:31,0,0,0,0,0
2026-08-16,Leuven,Halle,S2 3783,12:11,6,Zaventem,0,12:34,12:36,0,0,0,0,0
2026-08-16,Leuven,Halle,S2 3783,12:11,7,Diegem,0,12:38,12:39,0,0,0,0,0
2026-08-16,Leuven,Halle,S2 3783,12:11,8,Haren-Sud/Haren-Zuid,0,12:42,12:42,0,0,0,0,0
2026-08-16,Leuven,Halle,S2 3783,12:11,9,Schaarbeek/Schaerbeek,0,12:45,12:46,0,0,0,0,0
2026-08-16,Leuven,Halle,S2 3783,12:11,10,Brussels-North,1,12:50,12:52,0,0,0,0,0
2026-08-16,Leuven,Halle,S2 3783,12:11,11,Brussels-Central,1,12:55,12:56,0,0,0,0,0
2026-08-16,Leuven,Halle,S2 3783,12:11,12,Brussels-South/Brussels-Midi,1,13:00,13:03,0,0,0,0,0
2026-08-16,Leuven,Halle,S2 3783,12:11,13,Vorst-Zuid/Forest-Midi,0,13:07,13:08,0,0,0,0,0
2026-08-16,Leuven,Halle,S2 3783,12:11,14,Ruisbroek,0,13:10,13:11,0,0,0,0,0
2026-08-16,Leuven,Halle,S2 3783,12:11,15,Lot,0,13:14,13:15,0,0,0,0,0
2026-08-16,Leuven,Halle,S2 3783,12:11,16,Buizingen,0,13:17,13:18,0,0,0,0,0
2026-08-16,Leuven,Halle,S2 3783,12:11,17,Halle,1,13:20,13:22,0,0,0,0,0
2026-08-16,Leuven,Halle,S2 3784,13:11,0,Leuven,1,13:11,13:11,0,0,0,0,0
2026-08-16,Leuven,Halle,S2 3784,13:11,1,Herent,0,13:16,13:17,0,0,0,0,0
2026-08-16,Leuven,Halle,S2 3784,13:11,2,Veltem,0,13:20,13:20,0,0,0,0,0
2026-08-16,Leuven,Halle,S2 3784,13:11,3,Erps-Kwerps,0,13:23,13:24,0,0,0,0,0
2026-08-16,Leuven,Halle,S2 3784,13:11,4,Kortenberg,0,13:27,13:28,0,0,0,0,0
2026-08-16,Leuven,Halle,S2 3784,13:11,5,Nossegem,0,13:31,13:31,0,0,0,0,0
2026-08-16,Leuven,Halle,S2 3784,13:11,6,Zaventem,0,13:34,13:36,0,0,0,0,0
2026-08-16,Leuven,Halle,S2 3784,13:11,7,Diegem,0,13:38,13:39,0,0,0,0,0
2026-08-16,Leuven,Halle,S2 3784,13:11,8,Haren-Sud/Haren-Zuid,0,13:42,13:42,0,0,0,0,0
2026-08-16,Leuven,Halle,S2 3784,13:11,9,Schaarbeek/Schaerbeek,0,13:45,13:46,0,0,0,0,0
2026-08-16,Leuven,Halle,S2 3784,13:11,10,Brussels-North,1,13:50,13:52,0,0,0,0,0
2026-08-16,Leuven,Halle,S2 3784,13:11,11,Brussels-Central,1,13:55,13:56,0,0,0,0,0
2026-08-16,Leuven,Halle,S2 3784,13:11,12,Brussels-South/Brussels-Midi,1,14:00,14:03,0,0,0,0,0
2026-08-16,Leuven,Halle,S2 3784,13:11,13,Vorst-Zuid/Forest-Midi,0,14:07,14:08,0,0,0,0,0
2026-08-16,Leuven,Halle,S2 3784,13:11,14,Ruisbroek,0,14:10,14:11,0,0,0,0,0
2026-08-16,Leuven,Halle,S2 3784,13:11,15,Lot,0,14:14,14:15,0,0,0,0,0
2026-08-16,Leuven,Halle,S2 3784,13:11,16,Buizingen,0,14:17,14:18,0,0,0,0,0
2026-08-16,Leuven,Halle,S2 3784,13:11,17,Halle,1,14:20,14:22,0,0,0,0,0
2026-08-16,Leuven,Halle,S2 3785,14:11,0,Leuven,1,14:11,14:11,0,0,0,0,0
2026-08-16,Leuven,Halle,S2 3785,14:11,1,Herent,0,14:16,14:17,0,0,0,0,0
2026-08-16,Leuven,Halle,S2 3785,14:11,2,Veltem,0,14:20,14:20,0,0,0,0,0
2026-08-16,Leuven,Halle,S2 3785,14:11,3,Erps-Kwerps,0,14:23,14:24,0,0,0,0,0
2026-08-16,Leuven,Halle,S2 3785,14:11,4,Kortenberg,0,14:27,14:28,0,0,0,0,0
2026-08-16,Leuven,Halle,S2 3785,14:11,5,Nossegem,0,14:31,14:31,0,0,0,0,0
2026-08-16,Leuven,Halle,S2 3785,14:11,6,Zaventem,0,14:34,14:36,0,0,0,0,0
2026-08-16,Leuven,Halle,S2 3785,14:11,7,Diegem,0,14:38,14:39,0,0,0,0,0
2026-08-16,Leuven,Halle,S2 3785,14:11,8,Haren-Sud/Haren-Zuid,0,14:42,14:42,0,0,0,0,0
2026-08-16,Leuven,Halle,S2 3785,14:11,9,Schaarbeek/Schaerbeek,0,14:45,14:46,0,0,0,0,0
2026-08-16,Leuven,Halle,S2 3785,14:11,10,Brussels-North,1,14:50,14:52,0,0,0,0,0
2026-08-16,Leuven,Halle,S2 3785,14:11,11,Brussels-Central,1,14:55,14:56,0,0,0,0,0
2026-08-16,Leuven,Halle,S2 3785,14:11,12,Brussels-South/Brussels-Midi,1,15:00,15:03,0,0,0,0,0
2026-08-16,Leuven,Halle,S2 3785,14:11,13,Vorst-Zuid/Forest-Midi,0,15:07,15:08,0,0,0,0,0
2026-08-16,Leuven,Halle,S2 3785,14:11,14,Ruisbroek,0,15:10,15:11,0,0,0,0,0
2026-08-16,Leuven,Halle,S2 3785,14:11,15,Lot,0,15:14,15:15,0,0,0,0,0
2026-08-16,Leuven,Halle,S2 3785,14:11,16,Buizingen,0,15:17,15:18,0,0,0,0,0
2026-08-16,Leuven,Halle,S2 3785,14:11,17,Halle,1,15:20,15:22,0,0,0,0,0
2026-08-16,Leuven,Halle,S2 3786,15:11,0,Leuven,1,15:11,15:11,0,0,0,0,0
2026-08-16,Leuven,Halle,S2 3786,15:11,1,Herent,0,15:16,15:17,0,0,0,0,0
2026-08-16,Leuven,Halle,S2 3786,15:11,2,Veltem,0,15:20,15:20,0,0,0,0,0
2026-08-16,Leuven,Halle,S2 3786,15:11,3,Erps-Kwerps,0,15:23,15:24,0,0,0,0,0
2026-08-16,Leuven,Halle,S2 3786,15:11,4,Kortenberg,0,15:27,15:28,0,0,0,0,0
2026-08-16,Leuven,Halle,S2 3786,15:11,5,Nossegem,0,15:31,15:31,0,0,0,0,0
2026-08-16,Leuven,Halle,S2 3786,15:11,6,Zaventem,0,15:34,15:36,0,0,0,0,0
2026-08-16,Leuven,Halle,S2 3786,15:11,7,Diegem,0,15:38,15:39,0,0,0,0,0
2026-08-16,Leuven,Halle,S2 3786,15:11,8,Haren-Sud/Haren-Zuid,0,15:42,15:42,0,0,0,0,0
2026-08-16,Leuven,Halle,S2 3786,15:11,9,Schaarbeek/Schaerbeek,0,15:45,15:46,0,0,0,0,0
2026-08-16,Leuven,Halle,S2 3786,15:11,10,Brussels-North,1,15:50,15:52,0,0,0,0,0
2026-08-16,Leuven,Halle,S2 3786,15:11,11,Brussels-Central,1,15:55,15:56,0,0,0,0,0
2026-08-16,Leuven,Halle,S2 3786,15:11,12,Brussels-South/Brussels-Midi,1,16:00,16:03,0,0,0,0,0
2026-08-16,Leuven,Halle,S2 3786,15:11,13,Vorst-Zuid/Forest-Midi,0,16:07,16:08,0,0,0,0,0
2026-08-16,Leuven,Halle,S2 3786,15:11,14,Ruisbroek,0,16:10,16:11,0,0,0,0,0
2026-08-16,Leuven,Halle,S2 3786,15:11,15,Lot,0,16:14,16:15,0,0,0,0,0
2026-08-16,Leuven,Halle,S2 3786,15:11,16,Buizingen,0,16:17,16:18,0,0,0,0,0
2026-08-16,Leuven,Halle,S2 3786,15:11,17,Halle,1,16:20,16:22,0,0,0,0,0
2026-08-16,Leuven,Halle,S2 3787,16:11,0,Leuven,1,16:11,16:11,0,0,0,0,0
2026-08-16,Leuven,Halle,S2 3787,16:11,1,Herent,0,16:16,16:17,0,0,0,0,0
2026-08-16,Leuven,Halle,S2 3787,16:11,2,Veltem,0,16:20,16:20,0,0,0,0,0
2026-08-16,Leuven,Halle,S2 3787,16:11,3,Erps-Kwerps,0,16:23,16:24,0,0,0,0,0
2026-08-16,Leuven,Halle,S2 3787,16:11,4,Kortenberg,0,16:27,16:28,0,0,0,0,0
2026-08-16,Leuven,Halle,S2 3787,16:11,5,Nossegem,0,16:31,16:31,0,0,0,0,0
2026-08-16,Leuven,Halle,S2 3787,16:11,6,Zaventem,0,16:34,16:36,0,0,0,0,0
2026-08-16,Leuven,Halle,S2 3787,16:11,7,Diegem,0,16:38,16:39,0,0,0,0,0
2026-08-16,Leuven,Halle,S2 3787,16:11,8,Haren-Sud/Haren-Zuid,0,16:42,16:42,0,0,0,0,0
2026-08-16,Leuven,Halle,S2 3787,16:11,9,Schaarbeek/Schaerbeek,0,16:45,16:46,0,0,0,0,0
2026-08-16,Leuven,Halle,S2 3787,16:11,10,Brussels-North,1,16:50,16:52,0,0,0,0,0
2026-08-16,Leuven,Halle,S2 3787,16:11,11,Brussels-Central,1,16:55,16:56,0,0,0,0,0
2026-08-16,Leuven,Halle,S2 3787,16:11,12,Brussels-South/Brussels-Midi,1,17:00,17:03,0,0,0,0,0
2026-08-16,Leuven,Halle,S2 3787,16:11,13,Vorst-Zuid/Forest-Midi,0,17:07,17:08,0,0,0,0,0
2026-08-16,Leuven,Halle,S2 3787,16:11,14,Ruisbroek,0,17:10,17:11,0,0,0,0,0
2026-08-16,Leuven,Halle,S2 3787,16:11,15,Lot,0,17:14,17:15,0,0,0,0,0
2026-08-16,Leuven,Halle,S2 3787,16:11,16,Buizingen,0,17:17,17:18,0,0,0,0,0
2026-08-16,Leuven,Halle,S2 3787,16:11,17,Halle,1,17:20,17:22,0,0,0,0,0
2026-08-16,Leuven,Halle,S2 3788,17:11,0,Leuven,1,17:11,17:11,0,0,0,0,0
2026-08-16,Leuven,Halle,S2 3788,17:11,1,Herent,0,17:16,17:17,0,0,0,0,0
2026-08-16,Leuven,Halle,S2 3788,17:11,2,Veltem,0,17:20,17:20,0,0,0,0,0
2026-08-16,Leuven,Halle,S2 3788,17:11,3,Erps-Kwerps,0,17:23,17:24,0,0,0,0,0
2026-08-16,Leuven,Halle,S2 3788,17:11,4,Kortenberg,0,17:27,17:28,0,0,0,0,0
2026-08-16,Leuven,Halle,S2 3788,17:11,5,Nossegem,0,17:31,17:31,0,0,0,0,0
2026-08-16,Leuven,Halle,S2 3788,17:11,6,Zaventem,0,17:34,17:36,0,0,0,0,0
2026-08-16,Leuven,Halle,S2 3788,17:11,7,Diegem,0,17:38,17:39,0,0,0,0,0
2026-08-16,Leuven,Halle,S2 3788,17:11,8,Haren-Sud/Haren-Zuid,0,17:42,17:42,0,0,0,0,0
2026-08-16,Leuven,Halle,S2 3788,17:11,9,Schaarbeek/Schaerbeek,0,17:45,17:46,0,0,0,0,0
2026-08-16,Leuven,Halle,S2 3788,17:11,10,Brussels-North,1,17:50,17:52,0,0,0,0,0
2026-08-16,Leuven,Halle,S2 3788,17:11,11,Brussels-Central,1,17:55,17:56,0,0,0,0,0
2026-08-16,Leuven,Halle,S2 3788,17:11,12,Brussels-South/Brussels-Midi,1,18:00,18:03,0,0,0,0,0
2026-08-16,Leuven,Halle,S2 3788,17:11,13,Vorst-Zuid/Forest-Midi,0,18:07,18:08,0,0,0,0,0
2026-08-16,Leuven,Halle,S2 3788,17:11,14,Ruisbroek,0,18:10,18:11,0,0,0,0,0
2026-08-16,Leuven,Halle,S2 3788,17:11,15,Lot,0,18:14,18:15,0,0,0,0,0
2026-08-16,Leuven,Halle,S2 3788,17:11,16,Buizingen,0,18:17,18:18,0,0,0,0,0
2026-08-16,Leuven,Halle,S2 3788,17:11,17,Halle,1,18:20,18:22,0,0,0,0,0
2026-08-16,Leuven,Halle,S2 3789,18:11,0,Leuven,1,18:11,18:11,0,0,0,0,0
2026-08-16,Leuven,Halle,S2 3789,18:11,1,Herent,0,18:16,18:17,0,0,0,0,0
2026-08-16,Leuven,Halle,S2 3789,18:11,2,Veltem,0,18:20,18:20,0,0,0,0,0
2026-08-16,Leuven,Halle,S2 3789,18:11,3,Erps-Kwerps,0,18:23,18:24,0,0,0,0,0
2026-08-16,Leuven,Halle,S2 3789,18:11,4,Kortenberg,0,18:27,18:28,0,0,0,0,0
2026-08-16,Leuven,Halle,S2 3789,18:11,5,Nossegem,0,18:31,18:31,0,0,0,0,0
2026-08-16,Leuven,Halle,S2 3789,18:11,6,Zaventem,0,18:34,18:36,0,0,0,0,0
2026-08-16,Leuven,Halle,S2 3789,18:11,7,Diegem,0,18:38,18:39,0,0,0,0,0
2026-08-16,Leuven,Halle,S2 3789,18:11,8,Haren-Sud/Haren-Zuid,0,18:42,18:42,0,0,0,0,0
2026-08-16,Leuven,Halle,S2 3789,18:11,9,Schaarbeek/Schaerbeek,0,18:45,18:46,0,0,0,0,0
2026-08-16,Leuven,Halle,S2 3789,18:11,10,Brussels-North,1,18:50,18:52,0,0,0,0,0
2026-08-16,Leuven,Halle,S2 3789,18:11,11,Brussels-Central,1,18:55,18:56,0,0,0,0,0
2026-08-16,Leuven,Halle,S2 3789,18:11,12,Brussels-South/Brussels-Midi,1,19:00,19:03,0,0,0,0,0
2026-08-16,Leuven,Halle,S2 3789,18:11,13,Vorst-Zuid/Forest-Midi,0,19:07,19:08,0,0,0,0,0
2026-08-16,Leuven,Halle,S2 3789,18:11,14,Ruisbroek,0,19:10,19:11,0,0,0,0,0
2026-08-16,Leuven,Halle,S2 3789,18:11,15,Lot,0,19:14,19:15,0,0,0,0,0
2026-08-16,Leuven,Halle,S2 3789,18:11,16,Buizingen,0,19:17,19:18,0,0,0,0,0
2026-08-16,Leuven,Halle,S2 3789,18:11,17,Halle,1,19:20,19:22,0,0,0,0,0
2026-08-16,Leuven,Halle,S2 3790,19:11,0,Leuven,1,19:11,19:11,0,0,0,0,0
2026-08-16,Leuven,Halle,S2 3790,19:11,1,Herent,0,19:16,19:17,0,0,0,0,0
2026-08-16,Leuven,Halle,S2 3790,19:11,2,Veltem,0,19:20,19:20,0,0,0,0,0
2026-08-16,Leuven,Halle,S2 3790,19:11,3,Erps-Kwerps,0,19:23,19:24,0,0,0,0,0
2026-08-16,Leuven,Halle,S2 3790,19:11,4,Kortenberg,0,19:27,19:28,0,0,0,0,0
2026-08-16,Leuven,Halle,S2 3790,19:11,5,Nossegem,0,19:31,19:31,0,0,0,0,0
2026-08-16,Leuven,Halle,S2 3790,19:11,6,Zaventem,0,19:34,19:36,0,0,0,0,0
2026-08-16,Leuven,Halle,S2 3790,19:11,7,Diegem,0,19:38,19:39,0,0,0,0,0
2026-08-16,Leuven,Halle,S2 3790,19:11,8,Haren-Sud/Haren-Zuid,0,19:42,19:42,0,0,0,0,0
2026-08-16,Leuven,Halle,S2 3790,19:11,9,Schaarbeek/Schaerbeek,0,19:45,19:46,0,0,0,0,0
2026-08-16,Leuven,Halle,S2 3790,19:11,10,Brussels-North,1,19:50,19:52,0,0,0,0,0
2026-08-16,Leuven,Halle,S2 3790,19:11,11,Brussels-Central,1,19:55,19:56,0,0,0,0,0
2026-08-16,Leuven,Halle,S2 3790,19:11,12,Brussels-South/Brussels-Midi,1,20:00,20:03,0,0,0,0,0
2026-08-16,Leuven,Halle,S2 3790,19:11,13,Vorst-Zuid/Forest-Midi,0,20:07,20:08,0,0,0,0,0
2026-08-16,Leuven,Halle,S2 3790,19:11,14,Ruisbroek,0,20:10,20:11,0,0,0,0,0
2026-08-16,Leuven,Halle,S2 3790,19:11,15,Lot,0,20:14,20:15,0,0,0,0,0
2026-08-16,Leuven,Halle,S2 3790,19:11,16,Buizingen,0,20:17,20:18,0,0,0,0,0
2026-08-16,Leuven,Halle,S2 3790,19:11,17,Halle,1,20:20,20:22,0,0,0,0,0
2026-08-16,Leuven,Halle,S2 3791,20:11,0,Leuven,1,20:11,20:11,0,0,0,0,0
2026-08-16,Leuven,Halle,S2 3791,20:11,1,Herent,0,20:16,20:17,0,0,0,0,0
2026-08-16,Leuven,Halle,S2 3791,20:11,2,Veltem,0,20:20,20:20,0,0,0,0,0
2026-08-16,Leuven,Halle,S2 3791,20:11,3,Erps-Kwerps,0,20:23,20:24,0,0,0,0,0
2026-08-16,Leuven,Halle,S2 3791,20:11,4,Kortenberg,0,20:27,20:28,0,0,0,0,0
2026-08-16,Leuven,Halle,S2 3791,20:11,5,Nossegem,0,20:31,20:31,0,0,0,0,0
2026-08-16,Leuven,Halle,S2 3791,20:11,6,Zaventem,0,20:34,20:36,0,0,0,0,0
2026-08-16,Leuven,Halle,S2 3791,20:11,7,Diegem,0,20:38,20:39,0,0,0,0,0
2026-08-16,Leuven,Halle,S2 3791,20:11,8,Haren-Sud/Haren-Zuid,0,20:42,20:42,0,0,0,0,0
2026-08-16,Leuven,Halle,S2 3791,20:11,9,Schaarbeek/Schaerbeek,0,20:45,20:46,0,0,0,0,0
2026-08-16,Leuven,Halle,S2 3791,20:11,10,Brussels-North,1,20:50,20:52,0,0,0,0,0
2026-08-16,Leuven,Halle,S2 3791,20:11,11,Brussels-Central,1,20:55,20:56,0,0,0,0,0
2026-08-16,Leuven,Halle,S2 3791,20:11,12,Brussels-South/Brussels-Midi,1,21:00,21:03,0,0,0,0,0
2026-08-16,Leuven,Halle,S2 3791,20:11,13,Vorst-Zuid/Forest-Midi,0,21:07,21:08,0,0,0,0,0
2026-08-16,Leuven,Halle,S2 3791,20:11,14,Ruisbroek,0,21:10,21:11,0,0,0,0,0
2026-08-16,Leuven,Halle,S2 3791,20:11,15,Lot,0,21:14,21:15,0,0,0,0,0
2026-08-16,Leuven,Halle,S2 3791,20:11,16,Buizingen,0,21:17,21:18,0,0,0,0,0
2026-08-16,Leuven,Halle,S2 3791,20:11,17,Halle,1,21:20,21:22,0,0,0,0,0
2026-08-16,Leuven,Halle,S2 3792,21:11,0,Leuven,1,21:11,21:11,0,0,0,0,0
2026-08-16,Leuven,Halle,S2 3792,21:11,1,Herent,0,21:16,21:17,0,0,0,0,0
2026-08-16,Leuven,Halle,S2 3792,21:11,2,Veltem,0,21:20,21:20,0,0,0,0,0
2026-08-16,Leuven,Halle,S2 3792,21:11,3,Erps-Kwerps,0,21:23,21:24,0,0,0,0,0
2026-08-16,Leuven,Halle,S2 3792,21:11,4,Kortenberg,0,21:27,21:28,0,0,0,0,0
2026-08-16,Leuven,Halle,S2 3792,21:11,5,Nossegem,0,21:31,21:31,0,0,0,0,0
2026-08-16,Leuven,Halle,S2 3792,21:11,6,Zaventem,0,21:34,21:36,0,0,0,0,0
2026-08-16,Leuven,Halle,S2 3792,21:11,7,Diegem,0,21:38,21:39,0,0,0,0,0
2026-08-16,Leuven,Halle,S2 3792,21:11,8,Haren-Sud/Haren-Zuid,0,21:42,21:42,0,0,0,0,0
2026-08-16,Leuven,Halle,S2 3792,21:11,9,Schaarbeek/Schaerbeek,0,21:45,21:46,0,0,0,0,0
2026-08-16,Leuven,Halle,S2 3792,21:11,10,Brussels-North,1,21:50,21:52,0,0,0,0,0
2026-08-16,Leuven,Halle,S2 3792,21:11,11,Brussels-Central,1,21:55,21:56,0,0,0,0,0
2026-08-16,Leuven,Halle,S2 3792,21:11,12,Brussels-South/Brussels-Midi,1,22:00,22:03,0,0,0,0,0
2026-08-16,Leuven,Halle,S2 3792,21:11,13,Vorst-Zuid/Forest-Midi,0,22:07,22:08,0,0,0,0,0
2026-08-16,Leuven,Halle,S2 3792,21:11,14,Ruisbroek,0,22:10,22:11,0,0,0,0,0
2026-08-16,Leuven,Halle,S2 3792,21:11,15,Lot,0,22:14,22:15,0,0,0,0,0
2026-08-16,Leuven,Halle,S2 3792,21:11,16,Buizingen,0,22:17,22:18,0,0,0,0,0
2026-08-16,Leuven,Halle,S2 3792,21:11,17,Halle,1,22:20,22:22,0,0,0,0,0
